timeStamp,elapsed,label,responseCode,responseMessage,threadName,dataType,success,failureMessage,bytes,sentBytes,grpThreads,allThreads,URL,Latency,IdleTime,Connect
1779290844189,580,Config #3 request,200,OK,Config #3 users 3-1,text,true,,231,0,1,3,http://localhost:8080/?token=497019606&user=-1356144809&config=3,578,0,0
1779290844189,967,Config #2 request,200,OK,Config #2 users 2-1,text,false,"The operation lasted too long: It took 967 milliseconds, but should not have lasted longer than 640 milliseconds.",231,0,1,3,http://localhost:8080/?token=497019606&user=-1356144809&config=2,967,0,0
1779290844189,1385,Config #1 request,200,OK,Config #1 users 1-1,text,false,"The operation lasted too long: It took 1,385 milliseconds, but should not have lasted longer than 640 milliseconds.",231,0,1,3,http://localhost:8080/?token=497019606&user=-1356144809&config=1,1385,0,0
1779290847188,544,Config #3 request,200,OK,Config #3 users 3-1,text,true,,231,0,1,3,http://localhost:8080/?token=497019606&user=-1356144809&config=3,544,0,0
1779290847187,928,Config #2 request,200,OK,Config #2 users 2-1,text,false,"The operation lasted too long: It took 928 milliseconds, but should not have lasted longer than 640 milliseconds.",231,0,1,3,http://localhost:8080/?token=497019606&user=-1356144809&config=2,928,0,0
1779290847187,1327,Config #1 request,200,OK,Config #1 users 1-1,text,false,"The operation lasted too long: It took 1,327 milliseconds, but should not have lasted longer than 640 milliseconds.",231,0,1,3,http://localhost:8080/?token=497019606&user=-1356144809&config=1,1327,0,0
1779290849141,527,Config #3 request,200,OK,Config #3 users 3-2,text,true,,231,0,2,6,http://localhost:8080/?token=497019606&user=-1356144809&config=3,527,0,0
1779290849144,928,Config #2 request,200,OK,Config #2 users 2-2,text,false,"The operation lasted too long: It took 928 milliseconds, but should not have lasted longer than 640 milliseconds.",231,0,2,6,http://localhost:8080/?token=497019606&user=-1356144809&config=2,928,0,0
1779290849140,1329,Config #1 request,200,OK,Config #1 users 1-2,text,false,"The operation lasted too long: It took 1,329 milliseconds, but should not have lasted longer than 640 milliseconds.",231,0,2,6,http://localhost:8080/?token=497019606&user=-1356144809&config=1,1329,0,0
1779290850184,620,Config #3 request,200,OK,Config #3 users 3-1,text,true,,231,0,2,6,http://localhost:8080/?token=497019606&user=-1356144809&config=3,620,0,0
1779290850188,930,Config #2 request,200,OK,Config #2 users 2-1,text,false,"The operation lasted too long: It took 930 milliseconds, but should not have lasted longer than 640 milliseconds.",231,0,2,6,http://localhost:8080/?token=497019606&user=-1356144809&config=2,930,0,0
1779290850189,1358,Config #1 request,200,OK,Config #1 users 1-1,text,false,"The operation lasted too long: It took 1,358 milliseconds, but should not have lasted longer than 640 milliseconds.",231,0,2,6,http://localhost:8080/?token=497019606&user=-1356144809&config=1,1358,0,0
1779290852142,531,Config #3 request,200,OK,Config #3 users 3-2,text,true,,231,0,2,6,http://localhost:8080/?token=497019606&user=-1356144809&config=3,531,0,0
1779290852148,930,Config #2 request,200,OK,Config #2 users 2-2,text,false,"The operation lasted too long: It took 930 milliseconds, but should not have lasted longer than 640 milliseconds.",231,0,2,6,http://localhost:8080/?token=497019606&user=-1356144809&config=2,930,0,0
1779290852145,1331,Config #1 request,200,OK,Config #1 users 1-2,text,false,"The operation lasted too long: It took 1,331 milliseconds, but should not have lasted longer than 640 milliseconds.",231,0,2,6,http://localhost:8080/?token=497019606&user=-1356144809&config=1,1331,0,0
1779290853184,536,Config #3 request,200,OK,Config #3 users 3-1,text,true,,231,0,2,6,http://localhost:8080/?token=497019606&user=-1356144809&config=3,536,0,0
1779290853189,934,Config #2 request,200,OK,Config #2 users 2-1,text,false,"The operation lasted too long: It took 934 milliseconds, but should not have lasted longer than 640 milliseconds.",231,0,2,6,http://localhost:8080/?token=497019606&user=-1356144809&config=2,934,0,0
1779290853189,1403,Config #1 request,200,OK,Config #1 users 1-1,text,false,"The operation lasted too long: It took 1,403 milliseconds, but should not have lasted longer than 640 milliseconds.",231,0,3,9,http://localhost:8080/?token=497019606&user=-1356144809&config=1,1403,0,0
1779290854145,536,Config #3 request,200,OK,Config #3 users 3-3,text,true,,231,0,3,9,http://localhost:8080/?token=497019606&user=-1356144809&config=3,536,0,0
1779290854142,934,Config #2 request,200,OK,Config #2 users 2-3,text,false,"The operation lasted too long: It took 934 milliseconds, but should not have lasted longer than 640 milliseconds.",231,0,3,9,http://localhost:8080/?token=497019606&user=-1356144809&config=2,934,0,0
1779290854141,1334,Config #1 request,200,OK,Config #1 users 1-3,text,false,"The operation lasted too long: It took 1,334 milliseconds, but should not have lasted longer than 640 milliseconds.",231,0,3,9,http://localhost:8080/?token=497019606&user=-1356144809&config=1,1334,0,0
1779290855146,534,Config #3 request,200,OK,Config #3 users 3-2,text,true,,231,0,3,9,http://localhost:8080/?token=497019606&user=-1356144809&config=3,534,0,0
1779290855150,935,Config #2 request,200,OK,Config #2 users 2-2,text,false,"The operation lasted too long: It took 935 milliseconds, but should not have lasted longer than 640 milliseconds.",231,0,3,9,http://localhost:8080/?token=497019606&user=-1356144809&config=2,935,0,0
1779290855144,1350,Config #1 request,200,OK,Config #1 users 1-2,text,false,"The operation lasted too long: It took 1,350 milliseconds, but should not have lasted longer than 640 milliseconds.",231,0,3,9,http://localhost:8080/?token=497019606&user=-1356144809&config=1,1350,0,0
1779290856187,556,Config #3 request,200,OK,Config #3 users 3-1,text,true,,231,0,3,9,http://localhost:8080/?token=497019606&user=-1356144809&config=3,556,0,0
1779290856189,938,Config #2 request,200,OK,Config #2 users 2-1,text,false,"The operation lasted too long: It took 938 milliseconds, but should not have lasted longer than 640 milliseconds.",231,0,3,9,http://localhost:8080/?token=497019606&user=-1356144809&config=2,938,0,0
1779290856185,1338,Config #1 request,200,OK,Config #1 users 1-1,text,false,"The operation lasted too long: It took 1,338 milliseconds, but should not have lasted longer than 640 milliseconds.",231,0,3,9,http://localhost:8080/?token=497019606&user=-1356144809&config=1,1338,0,0
1779290857148,541,Config #3 request,200,OK,Config #3 users 3-3,text,true,,231,0,3,9,http://localhost:8080/?token=497019606&user=-1356144809&config=3,541,0,0
1779290857146,942,Config #2 request,200,OK,Config #2 users 2-3,text,false,"The operation lasted too long: It took 942 milliseconds, but should not have lasted longer than 640 milliseconds.",231,0,3,9,http://localhost:8080/?token=497019606&user=-1356144809&config=2,942,0,0
1779290857146,1441,Config #1 request,200,OK,Config #1 users 1-3,text,false,"The operation lasted too long: It took 1,441 milliseconds, but should not have lasted longer than 640 milliseconds.",231,0,3,9,http://localhost:8080/?token=497019606&user=-1356144809&config=1,1441,0,0
1779290858146,540,Config #3 request,200,OK,Config #3 users 3-2,text,true,,231,0,3,9,http://localhost:8080/?token=497019606&user=-1356144809&config=3,540,0,0
1779290858149,940,Config #2 request,200,OK,Config #2 users 2-2,text,false,"The operation lasted too long: It took 940 milliseconds, but should not have lasted longer than 640 milliseconds.",231,0,3,9,http://localhost:8080/?token=497019606&user=-1356144809&config=2,940,0,0
1779290858145,1339,Config #1 request,200,OK,Config #1 users 1-2,text,false,"The operation lasted too long: It took 1,339 milliseconds, but should not have lasted longer than 640 milliseconds.",231,0,4,12,http://localhost:8080/?token=497019606&user=-1356144809&config=1,1339,0,0
1779290859145,541,Config #3 request,200,OK,Config #3 users 3-4,text,true,,231,0,4,12,http://localhost:8080/?token=497019606&user=-1356144809&config=3,541,0,0
1779290859186,581,Config #3 request,200,OK,Config #3 users 3-1,text,true,,231,0,4,12,http://localhost:8080/?token=497019606&user=-1356144809&config=3,581,0,0
1779290859142,943,Config #2 request,200,OK,Config #2 users 2-4,text,false,"The operation lasted too long: It took 943 milliseconds, but should not have lasted longer than 640 milliseconds.",231,0,4,12,http://localhost:8080/?token=497019606&user=-1356144809&config=2,942,0,0
1779290859185,981,Config #2 request,200,OK,Config #2 users 2-1,text,false,"The operation lasted too long: It took 981 milliseconds, but should not have lasted longer than 640 milliseconds.",231,0,4,12,http://localhost:8080/?token=497019606&user=-1356144809&config=2,981,0,0
1779290859139,1394,Config #1 request,200,OK,Config #1 users 1-4,text,false,"The operation lasted too long: It took 1,394 milliseconds, but should not have lasted longer than 640 milliseconds.",231,0,4,12,http://localhost:8080/?token=497019606&user=-1356144809&config=1,1394,0,0
1779290859186,1399,Config #1 request,200,OK,Config #1 users 1-1,text,false,"The operation lasted too long: It took 1,399 milliseconds, but should not have lasted longer than 640 milliseconds.",231,0,4,12,http://localhost:8080/?token=497019606&user=-1356144809&config=1,1399,0,0
1779290860150,547,Config #3 request,200,OK,Config #3 users 3-3,text,true,,231,0,4,12,http://localhost:8080/?token=497019606&user=-1356144809&config=3,546,0,0
1779290860144,949,Config #2 request,200,OK,Config #2 users 2-3,text,false,"The operation lasted too long: It took 949 milliseconds, but should not have lasted longer than 640 milliseconds.",231,0,4,12,http://localhost:8080/?token=497019606&user=-1356144809&config=2,949,0,0
1779290860144,1344,Config #1 request,200,OK,Config #1 users 1-3,text,false,"The operation lasted too long: It took 1,344 milliseconds, but should not have lasted longer than 640 milliseconds.",231,0,4,12,http://localhost:8080/?token=497019606&user=-1356144809&config=1,1344,0,0
1779290861142,545,Config #3 request,200,OK,Config #3 users 3-2,text,true,,231,0,4,12,http://localhost:8080/?token=497019606&user=-1356144809&config=3,545,0,0
1779290861150,945,Config #2 request,200,OK,Config #2 users 2-2,text,false,"The operation lasted too long: It took 945 milliseconds, but should not have lasted longer than 640 milliseconds.",231,0,4,12,http://localhost:8080/?token=497019606&user=-1356144809&config=2,945,0,0
1779290861144,1344,Config #1 request,200,OK,Config #1 users 1-2,text,false,"The operation lasted too long: It took 1,344 milliseconds, but should not have lasted longer than 640 milliseconds.",231,0,4,12,http://localhost:8080/?token=497019606&user=-1356144809&config=1,1344,0,0
1779290862146,546,Config #3 request,200,OK,Config #3 users 3-4,text,true,,231,0,4,12,http://localhost:8080/?token=497019606&user=-1356144809&config=3,546,0,0
1779290862189,546,Config #3 request,200,OK,Config #3 users 3-1,text,true,,231,0,4,12,http://localhost:8080/?token=497019606&user=-1356144809&config=3,546,0,0
1779290862143,946,Config #2 request,200,OK,Config #2 users 2-4,text,false,"The operation lasted too long: It took 946 milliseconds, but should not have lasted longer than 640 milliseconds.",231,0,4,12,http://localhost:8080/?token=497019606&user=-1356144809&config=2,946,0,0
1779290862189,976,Config #2 request,200,OK,Config #2 users 2-1,text,false,"The operation lasted too long: It took 976 milliseconds, but should not have lasted longer than 640 milliseconds.",231,0,4,12,http://localhost:8080/?token=497019606&user=-1356144809&config=2,976,0,0
1779290862145,1346,Config #1 request,200,OK,Config #1 users 1-4,text,false,"The operation lasted too long: It took 1,346 milliseconds, but should not have lasted longer than 640 milliseconds.",231,0,4,12,http://localhost:8080/?token=497019606&user=-1356144809&config=1,1346,0,0
1779290862184,1345,Config #1 request,200,OK,Config #1 users 1-1,text,false,"The operation lasted too long: It took 1,345 milliseconds, but should not have lasted longer than 640 milliseconds.",231,0,4,12,http://localhost:8080/?token=497019606&user=-1356144809&config=1,1345,0,0
1779290863147,550,Config #3 request,200,OK,Config #3 users 3-3,text,true,,231,0,4,12,http://localhost:8080/?token=497019606&user=-1356144809&config=3,550,0,0
1779290863147,952,Config #2 request,200,OK,Config #2 users 2-3,text,false,"The operation lasted too long: It took 952 milliseconds, but should not have lasted longer than 640 milliseconds.",231,0,4,12,http://localhost:8080/?token=497019606&user=-1356144809&config=2,952,0,0
1779290863145,1349,Config #1 request,200,OK,Config #1 users 1-3,text,false,"The operation lasted too long: It took 1,349 milliseconds, but should not have lasted longer than 640 milliseconds.",231,0,5,15,http://localhost:8080/?token=497019606&user=-1356144809&config=1,1349,0,0
1779290864143,549,Config #3 request,200,OK,Config #3 users 3-2,text,true,,231,0,5,15,http://localhost:8080/?token=497019606&user=-1356144809&config=3,549,0,0
1779290864144,567,Config #3 request,200,OK,Config #3 users 3-5,text,true,,231,0,5,15,http://localhost:8080/?token=497019606&user=-1356144809&config=3,567,0,0
1779290864145,960,Config #2 request,200,OK,Config #2 users 2-5,text,false,"The operation lasted too long: It took 960 milliseconds, but should not have lasted longer than 640 milliseconds.",231,0,5,15,http://localhost:8080/?token=497019606&user=-1356144809&config=2,960,0,0
1779290864145,980,Config #2 request,200,OK,Config #2 users 2-2,text,false,"The operation lasted too long: It took 980 milliseconds, but should not have lasted longer than 640 milliseconds.",231,0,5,15,http://localhost:8080/?token=497019606&user=-1356144809&config=2,980,0,0
1779290864145,1347,Config #1 request,200,OK,Config #1 users 1-2,text,false,"The operation lasted too long: It took 1,347 milliseconds, but should not have lasted longer than 640 milliseconds.",231,0,5,15,http://localhost:8080/?token=497019606&user=-1356144809&config=1,1347,0,0
1779290864143,1367,Config #1 request,200,OK,Config #1 users 1-5,text,false,"The operation lasted too long: It took 1,367 milliseconds, but should not have lasted longer than 640 milliseconds.",231,0,5,15,http://localhost:8080/?token=497019606&user=-1356144809&config=1,1367,0,0
1779290865151,550,Config #3 request,200,OK,Config #3 users 3-4,text,true,,231,0,5,15,http://localhost:8080/?token=497019606&user=-1356144809&config=3,550,0,0
1779290865188,583,Config #3 request,200,OK,Config #3 users 3-1,text,true,,231,0,5,15,http://localhost:8080/?token=497019606&user=-1356144809&config=3,583,0,0
1779290865146,951,Config #2 request,200,OK,Config #2 users 2-4,text,false,"The operation lasted too long: It took 951 milliseconds, but should not have lasted longer than 640 milliseconds.",231,0,5,15,http://localhost:8080/?token=497019606&user=-1356144809&config=2,951,0,0
1779290865185,950,Config #2 request,200,OK,Config #2 users 2-1,text,false,"The operation lasted too long: It took 950 milliseconds, but should not have lasted longer than 640 milliseconds.",231,0,5,15,http://localhost:8080/?token=497019606&user=-1356144809&config=2,950,0,0
1779290865140,1352,Config #1 request,200,OK,Config #1 users 1-4,text,false,"The operation lasted too long: It took 1,352 milliseconds, but should not have lasted longer than 640 milliseconds.",231,0,5,15,http://localhost:8080/?token=497019606&user=-1356144809&config=1,1352,0,0
1779290865185,1353,Config #1 request,200,OK,Config #1 users 1-1,text,false,"The operation lasted too long: It took 1,353 milliseconds, but should not have lasted longer than 640 milliseconds.",231,0,5,15,http://localhost:8080/?token=497019606&user=-1356144809&config=1,1353,0,0
1779290866148,556,Config #3 request,200,OK,Config #3 users 3-3,text,true,,231,0,5,15,http://localhost:8080/?token=497019606&user=-1356144809&config=3,555,0,0
1779290866148,956,Config #2 request,200,OK,Config #2 users 2-3,text,false,"The operation lasted too long: It took 956 milliseconds, but should not have lasted longer than 640 milliseconds.",231,0,5,15,http://localhost:8080/?token=497019606&user=-1356144809&config=2,956,0,0
1779290866142,1353,Config #1 request,200,OK,Config #1 users 1-3,text,false,"The operation lasted too long: It took 1,353 milliseconds, but should not have lasted longer than 640 milliseconds.",231,0,5,15,http://localhost:8080/?token=497019606&user=-1356144809&config=1,1353,0,0
1779290867142,571,Config #3 request,200,OK,Config #3 users 3-2,text,true,,231,0,5,15,http://localhost:8080/?token=497019606&user=-1356144809&config=3,571,0,0
1779290867145,587,Config #3 request,200,OK,Config #3 users 3-5,text,true,,231,0,5,15,http://localhost:8080/?token=497019606&user=-1356144809&config=3,587,0,0
1779290867145,980,Config #2 request,200,OK,Config #2 users 2-2,text,false,"The operation lasted too long: It took 980 milliseconds, but should not have lasted longer than 640 milliseconds.",231,0,5,15,http://localhost:8080/?token=497019606&user=-1356144809&config=2,980,0,0
1779290867149,996,Config #2 request,200,OK,Config #2 users 2-5,text,false,"The operation lasted too long: It took 996 milliseconds, but should not have lasted longer than 640 milliseconds.",231,0,5,15,http://localhost:8080/?token=497019606&user=-1356144809&config=2,996,0,0
1779290867142,1372,Config #1 request,200,OK,Config #1 users 1-2,text,false,"The operation lasted too long: It took 1,372 milliseconds, but should not have lasted longer than 640 milliseconds.",231,0,5,15,http://localhost:8080/?token=497019606&user=-1356144809&config=1,1372,0,0
1779290867145,1386,Config #1 request,200,OK,Config #1 users 1-5,text,false,"The operation lasted too long: It took 1,386 milliseconds, but should not have lasted longer than 640 milliseconds.",231,0,5,15,http://localhost:8080/?token=497019606&user=-1356144809&config=1,1386,0,0
1779290868151,568,Config #3 request,200,OK,Config #3 users 3-4,text,true,,231,0,5,15,http://localhost:8080/?token=497019606&user=-1356144809&config=3,568,0,0
1779290868185,557,Config #3 request,200,OK,Config #3 users 3-1,text,true,,231,0,5,15,http://localhost:8080/?token=497019606&user=-1356144809&config=3,557,0,0
1779290868147,956,Config #2 request,200,OK,Config #2 users 2-4,text,false,"The operation lasted too long: It took 956 milliseconds, but should not have lasted longer than 640 milliseconds.",231,0,5,15,http://localhost:8080/?token=497019606&user=-1356144809&config=2,955,0,0
1779290868189,990,Config #2 request,200,OK,Config #2 users 2-1,text,false,"The operation lasted too long: It took 990 milliseconds, but should not have lasted longer than 640 milliseconds.",231,0,6,18,http://localhost:8080/?token=497019606&user=-1356144809&config=2,990,0,0
1779290868145,1357,Config #1 request,200,OK,Config #1 users 1-4,text,false,"The operation lasted too long: It took 1,357 milliseconds, but should not have lasted longer than 640 milliseconds.",231,0,6,18,http://localhost:8080/?token=497019606&user=-1356144809&config=1,1357,0,0
1779290868189,1357,Config #1 request,200,OK,Config #1 users 1-1,text,false,"The operation lasted too long: It took 1,357 milliseconds, but should not have lasted longer than 640 milliseconds.",231,0,6,18,http://localhost:8080/?token=497019606&user=-1356144809&config=1,1357,0,0
1779290869143,559,Config #3 request,200,OK,Config #3 users 3-6,text,true,,231,0,6,18,http://localhost:8080/?token=497019606&user=-1356144809&config=3,559,0,0
1779290869151,607,Config #3 request,200,OK,Config #3 users 3-3,text,true,,231,0,6,18,http://localhost:8080/?token=497019606&user=-1356144809&config=3,607,0,0
1779290869143,961,Config #2 request,200,OK,Config #2 users 2-6,text,false,"The operation lasted too long: It took 961 milliseconds, but should not have lasted longer than 640 milliseconds.",231,0,6,18,http://localhost:8080/?token=497019606&user=-1356144809&config=2,961,0,0
1779290869147,975,Config #2 request,200,OK,Config #2 users 2-3,text,false,"The operation lasted too long: It took 975 milliseconds, but should not have lasted longer than 640 milliseconds.",231,0,6,18,http://localhost:8080/?token=497019606&user=-1356144809&config=2,975,0,0
1779290869143,1362,Config #1 request,200,OK,Config #1 users 1-6,text,false,"The operation lasted too long: It took 1,362 milliseconds, but should not have lasted longer than 640 milliseconds.",231,0,6,18,http://localhost:8080/?token=497019606&user=-1356144809&config=1,1362,0,0
1779290869146,1376,Config #1 request,200,OK,Config #1 users 1-3,text,false,"The operation lasted too long: It took 1,376 milliseconds, but should not have lasted longer than 640 milliseconds.",231,0,6,18,http://localhost:8080/?token=497019606&user=-1356144809&config=1,1376,0,0
1779290870143,560,Config #3 request,200,OK,Config #3 users 3-2,text,true,,231,0,6,18,http://localhost:8080/?token=497019606&user=-1356144809&config=3,560,0,0
1779290870146,575,Config #3 request,200,OK,Config #3 users 3-5,text,true,,231,0,6,18,http://localhost:8080/?token=497019606&user=-1356144809&config=3,575,0,0
1779290870150,962,Config #2 request,200,OK,Config #2 users 2-2,text,false,"The operation lasted too long: It took 962 milliseconds, but should not have lasted longer than 640 milliseconds.",231,0,6,18,http://localhost:8080/?token=497019606&user=-1356144809&config=2,962,0,0
1779290870150,990,Config #2 request,200,OK,Config #2 users 2-5,text,false,"The operation lasted too long: It took 990 milliseconds, but should not have lasted longer than 640 milliseconds.",231,0,6,18,http://localhost:8080/?token=497019606&user=-1356144809&config=2,990,0,0
1779290870144,1360,Config #1 request,200,OK,Config #1 users 1-2,text,false,"The operation lasted too long: It took 1,360 milliseconds, but should not have lasted longer than 640 milliseconds.",231,0,6,18,http://localhost:8080/?token=497019606&user=-1356144809&config=1,1360,0,0
1779290870148,1374,Config #1 request,200,OK,Config #1 users 1-5,text,false,"The operation lasted too long: It took 1,374 milliseconds, but should not have lasted longer than 640 milliseconds.",231,0,6,18,http://localhost:8080/?token=497019606&user=-1356144809&config=1,1374,0,0
1779290871146,565,Config #3 request,200,OK,Config #3 users 3-4,text,true,,231,0,6,18,http://localhost:8080/?token=497019606&user=-1356144809&config=3,565,0,0
1779290871189,564,Config #3 request,200,OK,Config #3 users 3-1,text,true,,231,0,6,18,http://localhost:8080/?token=497019606&user=-1356144809&config=3,564,0,0
1779290871146,963,Config #2 request,200,OK,Config #2 users 2-4,text,false,"The operation lasted too long: It took 963 milliseconds, but should not have lasted longer than 640 milliseconds.",231,0,6,18,http://localhost:8080/?token=497019606&user=-1356144809&config=2,963,0,0
1779290871189,1007,Config #2 request,200,OK,Config #2 users 2-1,text,false,"The operation lasted too long: It took 1,007 milliseconds, but should not have lasted longer than 640 milliseconds.",231,0,6,18,http://localhost:8080/?token=497019606&user=-1356144809&config=2,1007,0,0
1779290871144,1365,Config #1 request,200,OK,Config #1 users 1-4,text,false,"The operation lasted too long: It took 1,365 milliseconds, but should not have lasted longer than 640 milliseconds.",231,0,6,18,http://localhost:8080/?token=497019606&user=-1356144809&config=1,1365,0,0
1779290871187,1364,Config #1 request,200,OK,Config #1 users 1-1,text,false,"The operation lasted too long: It took 1,364 milliseconds, but should not have lasted longer than 640 milliseconds.",231,0,6,18,http://localhost:8080/?token=497019606&user=-1356144809&config=1,1364,0,0
1779290872145,565,Config #3 request,200,OK,Config #3 users 3-6,text,true,,231,0,6,18,http://localhost:8080/?token=497019606&user=-1356144809&config=3,565,0,0
1779290872148,598,Config #3 request,200,OK,Config #3 users 3-3,text,true,,231,0,6,18,http://localhost:8080/?token=497019606&user=-1356144809&config=3,598,0,0
1779290872147,968,Config #2 request,200,OK,Config #2 users 2-6,text,false,"The operation lasted too long: It took 968 milliseconds, but should not have lasted longer than 640 milliseconds.",231,0,6,18,http://localhost:8080/?token=497019606&user=-1356144809&config=2,968,0,0
1779290872147,985,Config #2 request,200,OK,Config #2 users 2-3,text,false,"The operation lasted too long: It took 985 milliseconds, but should not have lasted longer than 640 milliseconds.",231,0,6,18,http://localhost:8080/?token=497019606&user=-1356144809&config=2,985,0,0
1779290872145,1393,Config #1 request,200,OK,Config #1 users 1-6,text,false,"The operation lasted too long: It took 1,393 milliseconds, but should not have lasted longer than 640 milliseconds.",231,0,6,18,http://localhost:8080/?token=497019606&user=-1356144809&config=1,1393,0,0
1779290872146,1410,Config #1 request,200,OK,Config #1 users 1-3,text,false,"The operation lasted too long: It took 1,410 milliseconds, but should not have lasted longer than 640 milliseconds.",231,0,6,18,http://localhost:8080/?token=497019606&user=-1356144809&config=1,1410,0,0
1779290873145,567,Config #3 request,200,OK,Config #3 users 3-5,text,true,,231,0,6,18,http://localhost:8080/?token=497019606&user=-1356144809&config=3,567,0,0
1779290873147,583,Config #3 request,200,OK,Config #3 users 3-2,text,true,,231,0,6,18,http://localhost:8080/?token=497019606&user=-1356144809&config=3,583,0,0
1779290873147,967,Config #2 request,200,OK,Config #2 users 2-5,text,false,"The operation lasted too long: It took 967 milliseconds, but should not have lasted longer than 640 milliseconds.",231,0,6,18,http://localhost:8080/?token=497019606&user=-1356144809&config=2,967,0,0
1779290873148,983,Config #2 request,200,OK,Config #2 users 2-2,text,false,"The operation lasted too long: It took 983 milliseconds, but should not have lasted longer than 640 milliseconds.",231,0,6,18,http://localhost:8080/?token=497019606&user=-1356144809&config=2,983,0,0
1779290873145,1416,Config #1 request,200,OK,Config #1 users 1-2,text,false,"The operation lasted too long: It took 1,416 milliseconds, but should not have lasted longer than 640 milliseconds.",231,0,7,21,http://localhost:8080/?token=497019606&user=-1356144809&config=1,1416,0,0
1779290873148,1431,Config #1 request,200,OK,Config #1 users 1-5,text,false,"The operation lasted too long: It took 1,431 milliseconds, but should not have lasted longer than 640 milliseconds.",231,0,7,21,http://localhost:8080/?token=497019606&user=-1356144809&config=1,1431,0,0
1779290874143,572,Config #3 request,200,OK,Config #3 users 3-7,text,true,,231,0,7,21,http://localhost:8080/?token=497019606&user=-1356144809&config=3,572,0,0
1779290874151,594,Config #3 request,200,OK,Config #3 users 3-4,text,true,,231,0,7,21,http://localhost:8080/?token=497019606&user=-1356144809&config=3,594,0,0
1779290874186,611,Config #3 request,200,OK,Config #3 users 3-1,text,true,,231,0,7,21,http://localhost:8080/?token=497019606&user=-1356144809&config=3,611,0,0
1779290874140,970,Config #2 request,200,OK,Config #2 users 2-7,text,false,"The operation lasted too long: It took 970 milliseconds, but should not have lasted longer than 640 milliseconds.",231,0,7,21,http://localhost:8080/?token=497019606&user=-1356144809&config=2,970,0,0
1779290874145,984,Config #2 request,200,OK,Config #2 users 2-4,text,false,"The operation lasted too long: It took 984 milliseconds, but should not have lasted longer than 640 milliseconds.",231,0,7,21,http://localhost:8080/?token=497019606&user=-1356144809&config=2,984,0,0
1779290874187,1013,Config #2 request,200,OK,Config #2 users 2-1,text,false,"The operation lasted too long: It took 1,013 milliseconds, but should not have lasted longer than 640 milliseconds.",231,0,7,21,http://localhost:8080/?token=497019606&user=-1356144809&config=2,1013,0,0
1779290874136,1370,Config #1 request,200,OK,Config #1 users 1-7,text,false,"The operation lasted too long: It took 1,370 milliseconds, but should not have lasted longer than 640 milliseconds.",231,0,7,21,http://localhost:8080/?token=497019606&user=-1356144809&config=1,1369,0,0
1779290874141,1383,Config #1 request,200,OK,Config #1 users 1-4,text,false,"The operation lasted too long: It took 1,383 milliseconds, but should not have lasted longer than 640 milliseconds.",231,0,7,21,http://localhost:8080/?token=497019606&user=-1356144809&config=1,1383,0,0
1779290874189,1426,Config #1 request,200,OK,Config #1 users 1-1,text,false,"The operation lasted too long: It took 1,426 milliseconds, but should not have lasted longer than 640 milliseconds.",231,0,7,21,http://localhost:8080/?token=497019606&user=-1356144809&config=1,1426,0,0
1779290875144,573,Config #3 request,200,OK,Config #3 users 3-6,text,true,,231,0,7,21,http://localhost:8080/?token=497019606&user=-1356144809&config=3,573,0,0
1779290875146,608,Config #3 request,200,OK,Config #3 users 3-3,text,true,,231,0,7,21,http://localhost:8080/?token=497019606&user=-1356144809&config=3,608,0,0
1779290875146,975,Config #2 request,200,OK,Config #2 users 2-6,text,false,"The operation lasted too long: It took 975 milliseconds, but should not have lasted longer than 640 milliseconds.",231,0,7,21,http://localhost:8080/?token=497019606&user=-1356144809&config=2,975,0,0
1779290875146,993,Config #2 request,200,OK,Config #2 users 2-3,text,false,"The operation lasted too long: It took 993 milliseconds, but should not have lasted longer than 640 milliseconds.",231,0,7,21,http://localhost:8080/?token=497019606&user=-1356144809&config=2,993,0,0
1779290875145,1371,Config #1 request,200,OK,Config #1 users 1-6,text,false,"The operation lasted too long: It took 1,371 milliseconds, but should not have lasted longer than 640 milliseconds.",231,0,7,21,http://localhost:8080/?token=497019606&user=-1356144809&config=1,1371,0,0
1779290875145,1389,Config #1 request,200,OK,Config #1 users 1-3,text,false,"The operation lasted too long: It took 1,389 milliseconds, but should not have lasted longer than 640 milliseconds.",231,0,7,21,http://localhost:8080/?token=497019606&user=-1356144809&config=1,1389,0,0
1779290876146,572,Config #3 request,200,OK,Config #3 users 3-5,text,true,,231,0,7,21,http://localhost:8080/?token=497019606&user=-1356144809&config=3,572,0,0
1779290876146,590,Config #3 request,200,OK,Config #3 users 3-2,text,true,,231,0,7,21,http://localhost:8080/?token=497019606&user=-1356144809&config=3,590,0,0
1779290876146,972,Config #2 request,200,OK,Config #2 users 2-5,text,false,"The operation lasted too long: It took 972 milliseconds, but should not have lasted longer than 640 milliseconds.",231,0,7,21,http://localhost:8080/?token=497019606&user=-1356144809&config=2,972,0,0
1779290876147,990,Config #2 request,200,OK,Config #2 users 2-2,text,false,"The operation lasted too long: It took 990 milliseconds, but should not have lasted longer than 640 milliseconds.",231,0,7,21,http://localhost:8080/?token=497019606&user=-1356144809&config=2,990,0,0
1779290876144,1386,Config #1 request,200,OK,Config #1 users 1-2,text,false,"The operation lasted too long: It took 1,386 milliseconds, but should not have lasted longer than 640 milliseconds.",231,0,7,21,http://localhost:8080/?token=497019606&user=-1356144809&config=1,1386,0,0
1779290876148,1406,Config #1 request,200,OK,Config #1 users 1-5,text,false,"The operation lasted too long: It took 1,406 milliseconds, but should not have lasted longer than 640 milliseconds.",231,0,7,21,http://localhost:8080/?token=497019606&user=-1356144809&config=1,1406,0,0
1779290877145,578,Config #3 request,200,OK,Config #3 users 3-4,text,true,,231,0,7,21,http://localhost:8080/?token=497019606&user=-1356144809&config=3,578,0,0
1779290877145,596,Config #3 request,200,OK,Config #3 users 3-7,text,true,,231,0,7,21,http://localhost:8080/?token=497019606&user=-1356144809&config=3,596,0,0
1779290877186,614,Config #3 request,200,OK,Config #3 users 3-1,text,true,,231,0,7,21,http://localhost:8080/?token=497019606&user=-1356144809&config=3,614,0,0
1779290877139,977,Config #2 request,200,OK,Config #2 users 2-7,text,false,"The operation lasted too long: It took 977 milliseconds, but should not have lasted longer than 640 milliseconds.",231,0,7,21,http://localhost:8080/?token=497019606&user=-1356144809&config=2,977,0,0
1779290877145,1007,Config #2 request,200,OK,Config #2 users 2-4,text,false,"The operation lasted too long: It took 1,007 milliseconds, but should not have lasted longer than 640 milliseconds.",231,0,7,21,http://localhost:8080/?token=497019606&user=-1356144809&config=2,1007,0,0
1779290877186,1032,Config #2 request,200,OK,Config #2 users 2-1,text,false,"The operation lasted too long: It took 1,032 milliseconds, but should not have lasted longer than 640 milliseconds.",231,0,7,21,http://localhost:8080/?token=497019606&user=-1356144809&config=2,1032,0,0
1779290877137,1374,Config #1 request,200,OK,Config #1 users 1-7,text,false,"The operation lasted too long: It took 1,374 milliseconds, but should not have lasted longer than 640 milliseconds.",231,0,7,21,http://localhost:8080/?token=497019606&user=-1356144809&config=1,1374,0,0
1779290877139,1389,Config #1 request,200,OK,Config #1 users 1-4,text,false,"The operation lasted too long: It took 1,389 milliseconds, but should not have lasted longer than 640 milliseconds.",231,0,7,21,http://localhost:8080/?token=497019606&user=-1356144809&config=1,1389,0,0
1779290877186,1414,Config #1 request,200,OK,Config #1 users 1-1,text,false,"The operation lasted too long: It took 1,414 milliseconds, but should not have lasted longer than 640 milliseconds.",231,0,7,21,http://localhost:8080/?token=497019606&user=-1356144809&config=1,1414,0,0
1779290878144,579,Config #3 request,200,OK,Config #3 users 3-6,text,true,,231,0,7,21,http://localhost:8080/?token=497019606&user=-1356144809&config=3,579,0,0
1779290878150,610,Config #3 request,200,OK,Config #3 users 3-3,text,true,,231,0,7,21,http://localhost:8080/?token=497019606&user=-1356144809&config=3,610,0,0
1779290878143,980,Config #2 request,200,OK,Config #2 users 2-3,text,false,"The operation lasted too long: It took 980 milliseconds, but should not have lasted longer than 640 milliseconds.",231,0,7,21,http://localhost:8080/?token=497019606&user=-1356144809&config=2,980,0,0
1779290878145,995,Config #2 request,200,OK,Config #2 users 2-6,text,false,"The operation lasted too long: It took 995 milliseconds, but should not have lasted longer than 640 milliseconds.",231,0,7,22,http://localhost:8080/?token=497019606&user=-1356144809&config=2,995,0,0
1779290878143,1436,Config #1 request,200,OK,Config #1 users 1-6,text,false,"The operation lasted too long: It took 1,436 milliseconds, but should not have lasted longer than 640 milliseconds.",231,0,8,24,http://localhost:8080/?token=497019606&user=-1356144809&config=1,1436,0,0
1779290878145,1452,Config #1 request,200,OK,Config #1 users 1-3,text,false,"The operation lasted too long: It took 1,452 milliseconds, but should not have lasted longer than 640 milliseconds.",231,0,8,24,http://localhost:8080/?token=497019606&user=-1356144809&config=1,1452,0,0
1779290879144,578,Config #3 request,200,OK,Config #3 users 3-2,text,true,,231,0,8,24,http://localhost:8080/?token=497019606&user=-1356144809&config=3,578,0,0
1779290879144,596,Config #3 request,200,OK,Config #3 users 3-8,text,true,,231,0,8,24,http://localhost:8080/?token=497019606&user=-1356144809&config=3,596,0,0
1779290879148,621,Config #3 request,200,OK,Config #3 users 3-5,text,true,,231,0,8,24,http://localhost:8080/?token=497019606&user=-1356144809&config=3,621,0,0
1779290879144,979,Config #2 request,200,OK,Config #2 users 2-8,text,false,"The operation lasted too long: It took 979 milliseconds, but should not have lasted longer than 640 milliseconds.",231,0,8,24,http://localhost:8080/?token=497019606&user=-1356144809&config=2,979,0,0
1779290879148,1025,Config #2 request,200,OK,Config #2 users 2-2,text,false,"The operation lasted too long: It took 1,025 milliseconds, but should not have lasted longer than 640 milliseconds.",231,0,8,24,http://localhost:8080/?token=497019606&user=-1356144809&config=2,1025,0,0
1779290879148,1042,Config #2 request,200,OK,Config #2 users 2-5,text,false,"The operation lasted too long: It took 1,042 milliseconds, but should not have lasted longer than 640 milliseconds.",231,0,8,24,http://localhost:8080/?token=497019606&user=-1356144809&config=2,1042,0,0
1779290879141,1378,Config #1 request,200,OK,Config #1 users 1-8,text,false,"The operation lasted too long: It took 1,378 milliseconds, but should not have lasted longer than 640 milliseconds.",231,0,8,24,http://localhost:8080/?token=497019606&user=-1356144809&config=1,1378,0,0
1779290879142,1396,Config #1 request,200,OK,Config #1 users 1-2,text,false,"The operation lasted too long: It took 1,396 milliseconds, but should not have lasted longer than 640 milliseconds.",231,0,8,24,http://localhost:8080/?token=497019606&user=-1356144809&config=1,1395,0,0
1779290879148,1421,Config #1 request,200,OK,Config #1 users 1-5,text,false,"The operation lasted too long: It took 1,421 milliseconds, but should not have lasted longer than 640 milliseconds.",231,0,8,24,http://localhost:8080/?token=497019606&user=-1356144809&config=1,1421,0,0
1779290880144,583,Config #3 request,200,OK,Config #3 users 3-7,text,true,,231,0,8,24,http://localhost:8080/?token=497019606&user=-1356144809&config=3,583,0,0
1779290880147,635,Config #3 request,200,OK,Config #3 users 3-4,text,true,,231,0,8,24,http://localhost:8080/?token=497019606&user=-1356144809&config=3,635,0,0
1779290880188,634,Config #3 request,200,OK,Config #3 users 3-1,text,true,,231,0,8,24,http://localhost:8080/?token=497019606&user=-1356144809&config=3,634,0,0
1779290880140,982,Config #2 request,200,OK,Config #2 users 2-7,text,false,"The operation lasted too long: It took 982 milliseconds, but should not have lasted longer than 640 milliseconds.",231,0,8,24,http://localhost:8080/?token=497019606&user=-1356144809&config=2,982,0,0
1779290880146,994,Config #2 request,200,OK,Config #2 users 2-4,text,false,"The operation lasted too long: It took 994 milliseconds, but should not have lasted longer than 640 milliseconds.",231,0,8,24,http://localhost:8080/?token=497019606&user=-1356144809&config=2,994,0,0
1779290880188,988,Config #2 request,200,OK,Config #2 users 2-1,text,false,"The operation lasted too long: It took 988 milliseconds, but should not have lasted longer than 640 milliseconds.",231,0,8,24,http://localhost:8080/?token=497019606&user=-1356144809&config=2,988,0,0
1779290880140,1383,Config #1 request,200,OK,Config #1 users 1-7,text,false,"The operation lasted too long: It took 1,383 milliseconds, but should not have lasted longer than 640 milliseconds.",231,0,8,24,http://localhost:8080/?token=497019606&user=-1356144809&config=1,1383,0,0
1779290880140,1402,Config #1 request,200,OK,Config #1 users 1-4,text,false,"The operation lasted too long: It took 1,402 milliseconds, but should not have lasted longer than 640 milliseconds.",231,0,8,24,http://localhost:8080/?token=497019606&user=-1356144809&config=1,1402,0,0
1779290880188,1414,Config #1 request,200,OK,Config #1 users 1-1,text,false,"The operation lasted too long: It took 1,414 milliseconds, but should not have lasted longer than 640 milliseconds.",231,0,8,24,http://localhost:8080/?token=497019606&user=-1356144809&config=1,1414,0,0
1779290881147,585,Config #3 request,200,OK,Config #3 users 3-6,text,true,,231,0,8,24,http://localhost:8080/?token=497019606&user=-1356144809&config=3,585,0,0
1779290881150,629,Config #3 request,200,OK,Config #3 users 3-3,text,true,,231,0,8,24,http://localhost:8080/?token=497019606&user=-1356144809&config=3,629,0,0
1779290881147,984,Config #2 request,200,OK,Config #2 users 2-3,text,false,"The operation lasted too long: It took 984 milliseconds, but should not have lasted longer than 640 milliseconds.",231,0,8,24,http://localhost:8080/?token=497019606&user=-1356144809&config=2,984,0,0
1779290881147,1003,Config #2 request,200,OK,Config #2 users 2-6,text,false,"The operation lasted too long: It took 1,003 milliseconds, but should not have lasted longer than 640 milliseconds.",231,0,8,24,http://localhost:8080/?token=497019606&user=-1356144809&config=2,1003,0,0
1779290881144,1385,Config #1 request,200,OK,Config #1 users 1-3,text,false,"The operation lasted too long: It took 1,385 milliseconds, but should not have lasted longer than 640 milliseconds.",231,0,8,24,http://localhost:8080/?token=497019606&user=-1356144809&config=1,1385,0,0
1779290881147,1400,Config #1 request,200,OK,Config #1 users 1-6,text,false,"The operation lasted too long: It took 1,400 milliseconds, but should not have lasted longer than 640 milliseconds.",231,0,8,24,http://localhost:8080/?token=497019606&user=-1356144809&config=1,1399,0,0
1779290882144,587,Config #3 request,200,OK,Config #3 users 3-2,text,true,,231,0,8,24,http://localhost:8080/?token=497019606&user=-1356144809&config=3,587,0,0
1779290882148,638,Config #3 request,200,OK,Config #3 users 3-5,text,true,,231,0,8,24,http://localhost:8080/?token=497019606&user=-1356144809&config=3,638,0,0
1779290882149,657,Config #3 request,200,OK,Config #3 users 3-8,text,false,"The operation lasted too long: It took 657 milliseconds, but should not have lasted longer than 640 milliseconds.",231,0,8,24,http://localhost:8080/?token=497019606&user=-1356144809&config=3,657,0,0
1779290882148,996,Config #2 request,200,OK,Config #2 users 2-8,text,false,"The operation lasted too long: It took 996 milliseconds, but should not have lasted longer than 640 milliseconds.",231,0,8,24,http://localhost:8080/?token=497019606&user=-1356144809&config=2,996,0,0
1779290882149,1036,Config #2 request,200,OK,Config #2 users 2-2,text,false,"The operation lasted too long: It took 1,036 milliseconds, but should not have lasted longer than 640 milliseconds.",231,0,8,24,http://localhost:8080/?token=497019606&user=-1356144809&config=2,1036,0,0
1779290882150,1071,Config #2 request,200,OK,Config #2 users 2-5,text,false,"The operation lasted too long: It took 1,071 milliseconds, but should not have lasted longer than 640 milliseconds.",231,0,8,24,http://localhost:8080/?token=497019606&user=-1356144809&config=2,1071,0,0
1779290882144,1428,Config #1 request,200,OK,Config #1 users 1-5,text,false,"The operation lasted too long: It took 1,428 milliseconds, but should not have lasted longer than 640 milliseconds.",231,0,8,24,http://localhost:8080/?token=497019606&user=-1356144809&config=1,1428,0,0
1779290882144,1447,Config #1 request,200,OK,Config #1 users 1-2,text,false,"The operation lasted too long: It took 1,447 milliseconds, but should not have lasted longer than 640 milliseconds.",231,0,8,24,http://localhost:8080/?token=497019606&user=-1356144809&config=1,1447,0,0
1779290882144,1447,Config #1 request,200,OK,Config #1 users 1-8,text,false,"The operation lasted too long: It took 1,447 milliseconds, but should not have lasted longer than 640 milliseconds.",231,0,8,24,http://localhost:8080/?token=497019606&user=-1356144809&config=1,1447,0,0
1779290883145,590,Config #3 request,200,OK,Config #3 users 3-7,text,true,,231,0,8,24,http://localhost:8080/?token=497019606&user=-1356144809&config=3,590,0,0
1779290883147,606,Config #3 request,200,OK,Config #3 users 3-4,text,true,,231,0,8,24,http://localhost:8080/?token=497019606&user=-1356144809&config=3,606,0,0
1779290883184,644,Config #3 request,200,OK,Config #3 users 3-1,text,false,"The operation lasted too long: It took 644 milliseconds, but should not have lasted longer than 640 milliseconds.",231,0,8,24,http://localhost:8080/?token=497019606&user=-1356144809&config=3,644,0,0
1779290883142,988,Config #2 request,200,OK,Config #2 users 2-4,text,false,"The operation lasted too long: It took 988 milliseconds, but should not have lasted longer than 640 milliseconds.",231,0,8,24,http://localhost:8080/?token=497019606&user=-1356144809&config=2,988,0,0
1779290883144,1003,Config #2 request,200,OK,Config #2 users 2-7,text,false,"The operation lasted too long: It took 1,003 milliseconds, but should not have lasted longer than 640 milliseconds.",231,0,8,24,http://localhost:8080/?token=497019606&user=-1356144809&config=2,1003,0,0
1779290883184,1004,Config #2 request,200,OK,Config #2 users 2-1,text,false,"The operation lasted too long: It took 1,004 milliseconds, but should not have lasted longer than 640 milliseconds.",231,0,8,24,http://localhost:8080/?token=497019606&user=-1356144809&config=2,1004,0,0
1779290883139,1457,Config #1 request,200,OK,Config #1 users 1-7,text,false,"The operation lasted too long: It took 1,457 milliseconds, but should not have lasted longer than 640 milliseconds.",231,0,8,24,http://localhost:8080/?token=497019606&user=-1356144809&config=1,1457,0,0
1779290883142,1472,Config #1 request,200,OK,Config #1 users 1-4,text,false,"The operation lasted too long: It took 1,472 milliseconds, but should not have lasted longer than 640 milliseconds.",231,0,8,24,http://localhost:8080/?token=497019606&user=-1356144809&config=1,1472,0,0
1779290883184,1430,Config #1 request,200,OK,Config #1 users 1-1,text,false,"The operation lasted too long: It took 1,430 milliseconds, but should not have lasted longer than 640 milliseconds.",231,0,8,24,http://localhost:8080/?token=497019606&user=-1356144809&config=1,1430,0,0
1779290884144,588,Config #3 request,200,OK,Config #3 users 3-6,text,true,,231,0,8,24,http://localhost:8080/?token=497019606&user=-1356144809&config=3,588,0,0
1779290884150,599,Config #3 request,200,OK,Config #3 users 3-3,text,true,,231,0,8,24,http://localhost:8080/?token=497019606&user=-1356144809&config=3,599,0,0
1779290884144,989,Config #2 request,200,OK,Config #2 users 2-3,text,false,"The operation lasted too long: It took 989 milliseconds, but should not have lasted longer than 640 milliseconds.",231,0,8,24,http://localhost:8080/?token=497019606&user=-1356144809&config=2,989,0,0
1779290884146,1003,Config #2 request,200,OK,Config #2 users 2-6,text,false,"The operation lasted too long: It took 1,003 milliseconds, but should not have lasted longer than 640 milliseconds.",231,0,8,24,http://localhost:8080/?token=497019606&user=-1356144809&config=2,1003,0,0
1779290884140,1389,Config #1 request,200,OK,Config #1 users 1-3,text,false,"The operation lasted too long: It took 1,389 milliseconds, but should not have lasted longer than 640 milliseconds.",231,0,8,24,http://localhost:8080/?token=497019606&user=-1356144809&config=1,1389,0,0
1779290884145,1402,Config #1 request,200,OK,Config #1 users 1-6,text,false,"The operation lasted too long: It took 1,402 milliseconds, but should not have lasted longer than 640 milliseconds.",231,0,8,24,http://localhost:8080/?token=497019606&user=-1356144809&config=1,1402,0,0
1779290885141,590,Config #3 request,200,OK,Config #3 users 3-2,text,true,,231,0,8,24,http://localhost:8080/?token=497019606&user=-1356144809&config=3,590,0,0
1779290885144,630,Config #3 request,200,OK,Config #3 users 3-5,text,true,,231,0,8,24,http://localhost:8080/?token=497019606&user=-1356144809&config=3,630,0,0
1779290885148,648,Config #3 request,200,OK,Config #3 users 3-8,text,false,"The operation lasted too long: It took 648 milliseconds, but should not have lasted longer than 640 milliseconds.",231,0,8,24,http://localhost:8080/?token=497019606&user=-1356144809&config=3,648,0,0
1779290885144,992,Config #2 request,200,OK,Config #2 users 2-5,text,false,"The operation lasted too long: It took 992 milliseconds, but should not have lasted longer than 640 milliseconds.",231,0,8,24,http://localhost:8080/?token=497019606&user=-1356144809&config=2,992,0,0
1779290885144,1010,Config #2 request,200,OK,Config #2 users 2-8,text,false,"The operation lasted too long: It took 1,010 milliseconds, but should not have lasted longer than 640 milliseconds.",231,0,8,24,http://localhost:8080/?token=497019606&user=-1356144809&config=2,1010,0,0
1779290885146,1029,Config #2 request,200,OK,Config #2 users 2-2,text,false,"The operation lasted too long: It took 1,029 milliseconds, but should not have lasted longer than 640 milliseconds.",231,0,8,24,http://localhost:8080/?token=497019606&user=-1356144809&config=2,1029,0,0
1779290885142,1388,Config #1 request,200,OK,Config #1 users 1-8,text,false,"The operation lasted too long: It took 1,388 milliseconds, but should not have lasted longer than 640 milliseconds.",231,0,8,24,http://localhost:8080/?token=497019606&user=-1356144809&config=1,1388,0,0
1779290885144,1404,Config #1 request,200,OK,Config #1 users 1-2,text,false,"The operation lasted too long: It took 1,404 milliseconds, but should not have lasted longer than 640 milliseconds.",231,0,8,24,http://localhost:8080/?token=497019606&user=-1356144809&config=1,1404,0,0
1779290885147,1430,Config #1 request,200,OK,Config #1 users 1-5,text,false,"The operation lasted too long: It took 1,430 milliseconds, but should not have lasted longer than 640 milliseconds.",231,0,8,24,http://localhost:8080/?token=497019606&user=-1356144809&config=1,1430,0,0
1779290886147,590,Config #3 request,200,OK,Config #3 users 3-7,text,true,,231,0,8,24,http://localhost:8080/?token=497019606&user=-1356144809&config=3,590,0,0
1779290886150,605,Config #3 request,200,OK,Config #3 users 3-4,text,true,,231,0,8,24,http://localhost:8080/?token=497019606&user=-1356144809&config=3,605,0,0
1779290886183,593,Config #3 request,200,OK,Config #3 users 3-1,text,true,,231,0,8,24,http://localhost:8080/?token=497019606&user=-1356144809&config=3,593,0,0
1779290886143,993,Config #2 request,200,OK,Config #2 users 2-4,text,false,"The operation lasted too long: It took 993 milliseconds, but should not have lasted longer than 640 milliseconds.",231,0,8,24,http://localhost:8080/?token=497019606&user=-1356144809&config=2,993,0,0
1779290886143,1011,Config #2 request,200,OK,Config #2 users 2-7,text,false,"The operation lasted too long: It took 1,011 milliseconds, but should not have lasted longer than 640 milliseconds.",231,0,8,24,http://localhost:8080/?token=497019606&user=-1356144809&config=2,1011,0,0
1779290886187,1022,Config #2 request,200,OK,Config #2 users 2-1,text,false,"The operation lasted too long: It took 1,022 milliseconds, but should not have lasted longer than 640 milliseconds.",231,0,8,24,http://localhost:8080/?token=497019606&user=-1356144809&config=2,1022,0,0
1779290886135,1436,Config #1 request,200,OK,Config #1 users 1-7,text,false,"The operation lasted too long: It took 1,436 milliseconds, but should not have lasted longer than 640 milliseconds.",231,0,8,24,http://localhost:8080/?token=497019606&user=-1356144809&config=1,1436,0,0
1779290886143,1446,Config #1 request,200,OK,Config #1 users 1-4,text,false,"The operation lasted too long: It took 1,446 milliseconds, but should not have lasted longer than 640 milliseconds.",231,0,8,24,http://localhost:8080/?token=497019606&user=-1356144809&config=1,1446,0,0
1779290886187,1402,Config #1 request,200,OK,Config #1 users 1-1,text,false,"The operation lasted too long: It took 1,402 milliseconds, but should not have lasted longer than 640 milliseconds.",231,0,8,24,http://localhost:8080/?token=497019606&user=-1356144809&config=1,1402,0,0
1779290887145,588,Config #3 request,200,OK,Config #3 users 3-6,text,true,,231,0,8,24,http://localhost:8080/?token=497019606&user=-1356144809&config=3,588,0,0
1779290887145,606,Config #3 request,200,OK,Config #3 users 3-3,text,true,,231,0,8,24,http://localhost:8080/?token=497019606&user=-1356144809&config=3,606,0,0
1779290887144,992,Config #2 request,200,OK,Config #2 users 2-3,text,false,"The operation lasted too long: It took 992 milliseconds, but should not have lasted longer than 640 milliseconds.",231,0,8,24,http://localhost:8080/?token=497019606&user=-1356144809&config=2,992,0,0
1779290887147,1046,Config #2 request,200,OK,Config #2 users 2-6,text,false,"The operation lasted too long: It took 1,046 milliseconds, but should not have lasted longer than 640 milliseconds.",231,0,8,24,http://localhost:8080/?token=497019606&user=-1356144809&config=2,1046,0,0
1779290887145,1393,Config #1 request,200,OK,Config #1 users 1-3,text,false,"The operation lasted too long: It took 1,393 milliseconds, but should not have lasted longer than 640 milliseconds.",231,0,8,24,http://localhost:8080/?token=497019606&user=-1356144809&config=1,1393,0,0
1779290887144,1412,Config #1 request,200,OK,Config #1 users 1-6,text,false,"The operation lasted too long: It took 1,412 milliseconds, but should not have lasted longer than 640 milliseconds.",231,0,8,24,http://localhost:8080/?token=497019606&user=-1356144809&config=1,1412,0,0
1779290888142,594,Config #3 request,200,OK,Config #3 users 3-2,text,true,,231,0,8,24,http://localhost:8080/?token=497019606&user=-1356144809&config=3,594,0,0
1779290888148,605,Config #3 request,200,OK,Config #3 users 3-8,text,true,,231,0,8,24,http://localhost:8080/?token=497019606&user=-1356144809&config=3,605,0,0
1779290888148,637,Config #3 request,200,OK,Config #3 users 3-5,text,true,,231,0,8,24,http://localhost:8080/?token=497019606&user=-1356144809&config=3,637,0,0
1779290888145,990,Config #2 request,200,OK,Config #2 users 2-5,text,false,"The operation lasted too long: It took 990 milliseconds, but should not have lasted longer than 640 milliseconds.",231,0,8,24,http://localhost:8080/?token=497019606&user=-1356144809&config=2,990,0,0
1779290888148,1044,Config #2 request,200,OK,Config #2 users 2-2,text,false,"The operation lasted too long: It took 1,044 milliseconds, but should not have lasted longer than 640 milliseconds.",231,0,8,24,http://localhost:8080/?token=497019606&user=-1356144809&config=2,1044,0,0
1779290888148,1057,Config #2 request,200,OK,Config #2 users 2-8,text,false,"The operation lasted too long: It took 1,057 milliseconds, but should not have lasted longer than 640 milliseconds.",231,0,8,24,http://localhost:8080/?token=497019606&user=-1356144809&config=2,1057,0,0
1779290888140,1392,Config #1 request,200,OK,Config #1 users 1-2,text,false,"The operation lasted too long: It took 1,392 milliseconds, but should not have lasted longer than 640 milliseconds.",231,0,8,24,http://localhost:8080/?token=497019606&user=-1356144809&config=1,1392,0,0
1779290888142,1407,Config #1 request,200,OK,Config #1 users 1-8,text,false,"The operation lasted too long: It took 1,407 milliseconds, but should not have lasted longer than 640 milliseconds.",231,0,8,24,http://localhost:8080/?token=497019606&user=-1356144809&config=1,1407,0,0
1779290888148,1437,Config #1 request,200,OK,Config #1 users 1-5,text,false,"The operation lasted too long: It took 1,437 milliseconds, but should not have lasted longer than 640 milliseconds.",231,0,8,24,http://localhost:8080/?token=497019606&user=-1356144809&config=1,1437,0,0
1779290889144,602,Config #3 request,200,OK,Config #3 users 3-7,text,true,,231,0,8,24,http://localhost:8080/?token=497019606&user=-1356144809&config=3,602,0,0
1779290889148,635,Config #3 request,200,OK,Config #3 users 3-4,text,true,,231,0,8,24,http://localhost:8080/?token=497019606&user=-1356144809&config=3,635,0,0
1779290889184,636,Config #3 request,200,OK,Config #3 users 3-1,text,true,,231,0,8,24,http://localhost:8080/?token=497019606&user=-1356144809&config=3,636,0,0
1779290889144,994,Config #2 request,200,OK,Config #2 users 2-7,text,false,"The operation lasted too long: It took 994 milliseconds, but should not have lasted longer than 640 milliseconds.",231,0,8,24,http://localhost:8080/?token=497019606&user=-1356144809&config=2,994,0,0
1779290889144,1011,Config #2 request,200,OK,Config #2 users 2-4,text,false,"The operation lasted too long: It took 1,011 milliseconds, but should not have lasted longer than 640 milliseconds.",231,0,8,24,http://localhost:8080/?token=497019606&user=-1356144809&config=2,1011,0,0
1779290889184,1052,Config #2 request,200,OK,Config #2 users 2-1,text,false,"The operation lasted too long: It took 1,052 milliseconds, but should not have lasted longer than 640 milliseconds.",231,0,8,24,http://localhost:8080/?token=497019606&user=-1356144809&config=2,1052,0,0
1779290889140,1395,Config #1 request,200,OK,Config #1 users 1-7,text,false,"The operation lasted too long: It took 1,395 milliseconds, but should not have lasted longer than 640 milliseconds.",231,0,8,24,http://localhost:8080/?token=497019606&user=-1356144809&config=1,1395,0,0
1779290889144,1409,Config #1 request,200,OK,Config #1 users 1-4,text,false,"The operation lasted too long: It took 1,409 milliseconds, but should not have lasted longer than 640 milliseconds.",231,0,8,24,http://localhost:8080/?token=497019606&user=-1356144809&config=1,1409,0,0
1779290889184,1433,Config #1 request,200,OK,Config #1 users 1-1,text,false,"The operation lasted too long: It took 1,433 milliseconds, but should not have lasted longer than 640 milliseconds.",231,0,8,24,http://localhost:8080/?token=497019606&user=-1356144809&config=1,1433,0,0
1779290890143,594,Config #3 request,200,OK,Config #3 users 3-6,text,true,,231,0,8,24,http://localhost:8080/?token=497019606&user=-1356144809&config=3,594,0,0
1779290890146,609,Config #3 request,200,OK,Config #3 users 3-3,text,true,,231,0,8,24,http://localhost:8080/?token=497019606&user=-1356144809&config=3,609,0,0
1779290890142,992,Config #2 request,200,OK,Config #2 users 2-6,text,false,"The operation lasted too long: It took 992 milliseconds, but should not have lasted longer than 640 milliseconds.",231,0,8,24,http://localhost:8080/?token=497019606&user=-1356144809&config=2,992,0,0
1779290890147,1059,Config #2 request,200,OK,Config #2 users 2-3,text,false,"The operation lasted too long: It took 1,059 milliseconds, but should not have lasted longer than 640 milliseconds.",231,0,8,24,http://localhost:8080/?token=497019606&user=-1356144809&config=2,1059,0,0
1779290890143,1417,Config #1 request,200,OK,Config #1 users 1-3,text,false,"The operation lasted too long: It took 1,417 milliseconds, but should not have lasted longer than 640 milliseconds.",231,0,8,24,http://localhost:8080/?token=497019606&user=-1356144809&config=1,1417,0,0
1779290890144,1433,Config #1 request,200,OK,Config #1 users 1-6,text,false,"The operation lasted too long: It took 1,433 milliseconds, but should not have lasted longer than 640 milliseconds.",231,0,8,24,http://localhost:8080/?token=497019606&user=-1356144809&config=1,1433,0,0
1779290891147,590,Config #3 request,200,OK,Config #3 users 3-5,text,true,,231,0,8,24,http://localhost:8080/?token=497019606&user=-1356144809&config=3,590,0,0
1779290891146,609,Config #3 request,200,OK,Config #3 users 3-2,text,true,,231,0,8,24,http://localhost:8080/?token=497019606&user=-1356144809&config=3,609,0,0
1779290891147,651,Config #3 request,200,OK,Config #3 users 3-8,text,false,"The operation lasted too long: It took 651 milliseconds, but should not have lasted longer than 640 milliseconds.",231,0,8,24,http://localhost:8080/?token=497019606&user=-1356144809&config=3,651,0,0
1779290891147,992,Config #2 request,200,OK,Config #2 users 2-5,text,false,"The operation lasted too long: It took 992 milliseconds, but should not have lasted longer than 640 milliseconds.",231,0,8,24,http://localhost:8080/?token=497019606&user=-1356144809&config=2,992,0,0
1779290891147,1051,Config #2 request,200,OK,Config #2 users 2-8,text,false,"The operation lasted too long: It took 1,051 milliseconds, but should not have lasted longer than 640 milliseconds.",231,0,8,24,http://localhost:8080/?token=497019606&user=-1356144809&config=2,1051,0,0
1779290891147,1087,Config #2 request,200,OK,Config #2 users 2-2,text,false,"The operation lasted too long: It took 1,087 milliseconds, but should not have lasted longer than 640 milliseconds.",231,0,8,24,http://localhost:8080/?token=497019606&user=-1356144809&config=2,1087,0,0
1779290891144,1392,Config #1 request,200,OK,Config #1 users 1-2,text,false,"The operation lasted too long: It took 1,392 milliseconds, but should not have lasted longer than 640 milliseconds.",231,0,8,24,http://localhost:8080/?token=497019606&user=-1356144809&config=1,1392,0,0
1779290891144,1410,Config #1 request,200,OK,Config #1 users 1-8,text,false,"The operation lasted too long: It took 1,410 milliseconds, but should not have lasted longer than 640 milliseconds.",231,0,8,24,http://localhost:8080/?token=497019606&user=-1356144809&config=1,1410,0,0
1779290891147,1452,Config #1 request,200,OK,Config #1 users 1-5,text,false,"The operation lasted too long: It took 1,452 milliseconds, but should not have lasted longer than 640 milliseconds.",231,0,8,24,http://localhost:8080/?token=497019606&user=-1356144809&config=1,1452,0,0
1779290892146,596,Config #3 request,200,OK,Config #3 users 3-7,text,true,,231,0,8,24,http://localhost:8080/?token=497019606&user=-1356144809&config=3,596,0,0
1779290892146,614,Config #3 request,200,OK,Config #3 users 3-4,text,true,,231,0,8,24,http://localhost:8080/?token=497019606&user=-1356144809&config=3,614,0,0
1779290892183,643,Config #3 request,200,OK,Config #3 users 3-1,text,false,"The operation lasted too long: It took 643 milliseconds, but should not have lasted longer than 640 milliseconds.",231,0,8,24,http://localhost:8080/?token=497019606&user=-1356144809&config=3,643,0,0
1779290892139,996,Config #2 request,200,OK,Config #2 users 2-7,text,false,"The operation lasted too long: It took 996 milliseconds, but should not have lasted longer than 640 milliseconds.",231,0,8,24,http://localhost:8080/?token=497019606&user=-1356144809&config=2,996,0,0
1779290892146,1007,Config #2 request,200,OK,Config #2 users 2-4,text,false,"The operation lasted too long: It took 1,007 milliseconds, but should not have lasted longer than 640 milliseconds.",231,0,8,24,http://localhost:8080/?token=497019606&user=-1356144809&config=2,1007,0,0
1779290892186,1059,Config #2 request,200,OK,Config #2 users 2-1,text,false,"The operation lasted too long: It took 1,059 milliseconds, but should not have lasted longer than 640 milliseconds.",231,0,8,24,http://localhost:8080/?token=497019606&user=-1356144809&config=2,1059,0,0
1779290892138,1469,Config #1 request,200,OK,Config #1 users 1-7,text,false,"The operation lasted too long: It took 1,469 milliseconds, but should not have lasted longer than 640 milliseconds.",231,0,8,24,http://localhost:8080/?token=497019606&user=-1356144809&config=1,1469,0,0
1779290892184,1442,Config #1 request,200,OK,Config #1 users 1-1,text,false,"The operation lasted too long: It took 1,442 milliseconds, but should not have lasted longer than 640 milliseconds.",231,0,8,24,http://localhost:8080/?token=497019606&user=-1356144809&config=1,1442,0,0
1779290892141,1485,Config #1 request,200,OK,Config #1 users 1-4,text,false,"The operation lasted too long: It took 1,485 milliseconds, but should not have lasted longer than 640 milliseconds.",231,0,8,24,http://localhost:8080/?token=497019606&user=-1356144809&config=1,1485,0,0
1779290893145,592,Config #3 request,200,OK,Config #3 users 3-6,text,true,,231,0,8,24,http://localhost:8080/?token=497019606&user=-1356144809&config=3,592,0,0
1779290893145,592,Config #3 request,200,OK,Config #3 users 3-3,text,true,,231,0,8,24,http://localhost:8080/?token=497019606&user=-1356144809&config=3,592,0,0
1779290893145,1002,Config #2 request,200,OK,Config #2 users 2-6,text,false,"The operation lasted too long: It took 1,002 milliseconds, but should not have lasted longer than 640 milliseconds.",231,0,8,24,http://localhost:8080/?token=497019606&user=-1356144809&config=2,1002,0,0
1779290893145,1044,Config #2 request,200,OK,Config #2 users 2-3,text,false,"The operation lasted too long: It took 1,044 milliseconds, but should not have lasted longer than 640 milliseconds.",231,0,8,24,http://localhost:8080/?token=497019606&user=-1356144809&config=2,1044,0,0
1779290893144,1392,Config #1 request,200,OK,Config #1 users 1-3,text,false,"The operation lasted too long: It took 1,392 milliseconds, but should not have lasted longer than 640 milliseconds.",231,0,8,24,http://localhost:8080/?token=497019606&user=-1356144809&config=1,1392,0,0
1779290893147,1407,Config #1 request,200,OK,Config #1 users 1-6,text,false,"The operation lasted too long: It took 1,407 milliseconds, but should not have lasted longer than 640 milliseconds.",231,0,8,24,http://localhost:8080/?token=497019606&user=-1356144809&config=1,1407,0,0
1779290894146,588,Config #3 request,200,OK,Config #3 users 3-2,text,true,,231,0,8,24,http://localhost:8080/?token=497019606&user=-1356144809&config=3,588,0,0
1779290894146,606,Config #3 request,200,OK,Config #3 users 3-5,text,true,,231,0,8,24,http://localhost:8080/?token=497019606&user=-1356144809&config=3,606,0,0
1779290894148,633,Config #3 request,200,OK,Config #3 users 3-8,text,true,,231,0,8,24,http://localhost:8080/?token=497019606&user=-1356144809&config=3,633,0,0
1779290894148,991,Config #2 request,200,OK,Config #2 users 2-2,text,false,"The operation lasted too long: It took 991 milliseconds, but should not have lasted longer than 640 milliseconds.",231,0,8,24,http://localhost:8080/?token=497019606&user=-1356144809&config=2,991,0,0
1779290894148,1032,Config #2 request,200,OK,Config #2 users 2-5,text,false,"The operation lasted too long: It took 1,032 milliseconds, but should not have lasted longer than 640 milliseconds.",231,0,8,24,http://localhost:8080/?token=497019606&user=-1356144809&config=2,1032,0,0
1779290894149,1051,Config #2 request,200,OK,Config #2 users 2-8,text,false,"The operation lasted too long: It took 1,051 milliseconds, but should not have lasted longer than 640 milliseconds.",231,0,8,24,http://localhost:8080/?token=497019606&user=-1356144809&config=2,1051,0,0
1779290894143,1410,Config #1 request,200,OK,Config #1 users 1-2,text,false,"The operation lasted too long: It took 1,410 milliseconds, but should not have lasted longer than 640 milliseconds.",231,0,8,24,http://localhost:8080/?token=497019606&user=-1356144809&config=1,1410,0,0
1779290894146,1426,Config #1 request,200,OK,Config #1 users 1-8,text,false,"The operation lasted too long: It took 1,426 milliseconds, but should not have lasted longer than 640 milliseconds.",231,0,8,24,http://localhost:8080/?token=497019606&user=-1356144809&config=1,1426,0,0
1779290894143,1429,Config #1 request,200,OK,Config #1 users 1-5,text,false,"The operation lasted too long: It took 1,429 milliseconds, but should not have lasted longer than 640 milliseconds.",231,0,8,24,http://localhost:8080/?token=497019606&user=-1356144809&config=1,1429,0,0
1779290895144,593,Config #3 request,200,OK,Config #3 users 3-7,text,true,,231,0,8,24,http://localhost:8080/?token=497019606&user=-1356144809&config=3,593,0,0
1779290895148,607,Config #3 request,200,OK,Config #3 users 3-4,text,true,,231,0,8,24,http://localhost:8080/?token=497019606&user=-1356144809&config=3,607,0,0
1779290895187,609,Config #3 request,200,OK,Config #3 users 3-1,text,true,,231,0,8,24,http://localhost:8080/?token=497019606&user=-1356144809&config=3,609,0,0
1779290895144,994,Config #2 request,200,OK,Config #2 users 2-7,text,false,"The operation lasted too long: It took 994 milliseconds, but should not have lasted longer than 640 milliseconds.",231,0,8,24,http://localhost:8080/?token=497019606&user=-1356144809&config=2,994,0,0
1779290895146,1009,Config #2 request,200,OK,Config #2 users 2-4,text,false,"The operation lasted too long: It took 1,009 milliseconds, but should not have lasted longer than 640 milliseconds.",231,0,8,24,http://localhost:8080/?token=497019606&user=-1356144809&config=2,1009,0,0
1779290895188,1046,Config #2 request,200,OK,Config #2 users 2-1,text,false,"The operation lasted too long: It took 1,046 milliseconds, but should not have lasted longer than 640 milliseconds.",231,0,8,24,http://localhost:8080/?token=497019606&user=-1356144809&config=2,1046,0,0
1779290895136,1396,Config #1 request,200,OK,Config #1 users 1-7,text,false,"The operation lasted too long: It took 1,396 milliseconds, but should not have lasted longer than 640 milliseconds.",231,0,8,24,http://localhost:8080/?token=497019606&user=-1356144809&config=1,1395,0,0
1779290895139,1411,Config #1 request,200,OK,Config #1 users 1-4,text,false,"The operation lasted too long: It took 1,411 milliseconds, but should not have lasted longer than 640 milliseconds.",231,0,8,24,http://localhost:8080/?token=497019606&user=-1356144809&config=1,1411,0,0
1779290895187,1427,Config #1 request,200,OK,Config #1 users 1-1,text,false,"The operation lasted too long: It took 1,427 milliseconds, but should not have lasted longer than 640 milliseconds.",231,0,8,24,http://localhost:8080/?token=497019606&user=-1356144809&config=1,1427,0,0
1779290896147,592,Config #3 request,200,OK,Config #3 users 3-6,text,true,,231,0,8,24,http://localhost:8080/?token=497019606&user=-1356144809&config=3,592,0,0
1779290896147,630,Config #3 request,200,OK,Config #3 users 3-3,text,true,,231,0,8,24,http://localhost:8080/?token=497019606&user=-1356144809&config=3,630,0,0
1779290896145,994,Config #2 request,200,OK,Config #2 users 2-3,text,false,"The operation lasted too long: It took 994 milliseconds, but should not have lasted longer than 640 milliseconds.",231,0,8,24,http://localhost:8080/?token=497019606&user=-1356144809&config=2,994,0,0
1779290896147,1009,Config #2 request,200,OK,Config #2 users 2-6,text,false,"The operation lasted too long: It took 1,009 milliseconds, but should not have lasted longer than 640 milliseconds.",231,0,8,24,http://localhost:8080/?token=497019606&user=-1356144809&config=2,1009,0,0
1779290896145,1456,Config #1 request,200,OK,Config #1 users 1-6,text,false,"The operation lasted too long: It took 1,456 milliseconds, but should not have lasted longer than 640 milliseconds.",231,0,8,24,http://localhost:8080/?token=497019606&user=-1356144809&config=1,1456,0,0
1779290896145,1474,Config #1 request,200,OK,Config #1 users 1-3,text,false,"The operation lasted too long: It took 1,474 milliseconds, but should not have lasted longer than 640 milliseconds.",231,0,8,24,http://localhost:8080/?token=497019606&user=-1356144809&config=1,1474,0,0
1779290897144,595,Config #3 request,200,OK,Config #3 users 3-5,text,true,,231,0,8,24,http://localhost:8080/?token=497019606&user=-1356144809&config=3,595,0,0
1779290897146,637,Config #3 request,200,OK,Config #3 users 3-2,text,true,,231,0,8,24,http://localhost:8080/?token=497019606&user=-1356144809&config=3,637,0,0
1779290897149,654,Config #3 request,200,OK,Config #3 users 3-8,text,false,"The operation lasted too long: It took 654 milliseconds, but should not have lasted longer than 640 milliseconds.",231,0,8,24,http://localhost:8080/?token=497019606&user=-1356144809&config=3,654,0,0
1779290897145,990,Config #2 request,200,OK,Config #2 users 2-8,text,false,"The operation lasted too long: It took 990 milliseconds, but should not have lasted longer than 640 milliseconds.",231,0,8,24,http://localhost:8080/?token=497019606&user=-1356144809&config=2,990,0,0
1779290897145,1008,Config #2 request,200,OK,Config #2 users 2-5,text,false,"The operation lasted too long: It took 1,008 milliseconds, but should not have lasted longer than 640 milliseconds.",231,0,8,24,http://localhost:8080/?token=497019606&user=-1356144809&config=2,1008,0,0
1779290897149,1045,Config #2 request,200,OK,Config #2 users 2-2,text,false,"The operation lasted too long: It took 1,045 milliseconds, but should not have lasted longer than 640 milliseconds.",231,0,8,24,http://localhost:8080/?token=497019606&user=-1356144809&config=2,1045,0,0
1779290897144,1393,Config #1 request,200,OK,Config #1 users 1-2,text,false,"The operation lasted too long: It took 1,393 milliseconds, but should not have lasted longer than 640 milliseconds.",231,0,8,24,http://localhost:8080/?token=497019606&user=-1356144809&config=1,1393,0,0
1779290897144,1412,Config #1 request,200,OK,Config #1 users 1-8,text,false,"The operation lasted too long: It took 1,412 milliseconds, but should not have lasted longer than 640 milliseconds.",231,0,8,24,http://localhost:8080/?token=497019606&user=-1356144809&config=1,1412,0,0
1779290897146,1439,Config #1 request,200,OK,Config #1 users 1-5,text,false,"The operation lasted too long: It took 1,439 milliseconds, but should not have lasted longer than 640 milliseconds.",231,0,8,24,http://localhost:8080/?token=497019606&user=-1356144809&config=1,1439,0,0
1779290898147,594,Config #3 request,200,OK,Config #3 users 3-7,text,true,,231,0,8,24,http://localhost:8080/?token=497019606&user=-1356144809&config=3,594,0,0
1779290898148,622,Config #3 request,200,OK,Config #3 users 3-4,text,true,,231,0,8,24,http://localhost:8080/?token=497019606&user=-1356144809&config=3,622,0,0
1779290898189,646,Config #3 request,200,OK,Config #3 users 3-1,text,false,"The operation lasted too long: It took 646 milliseconds, but should not have lasted longer than 640 milliseconds.",231,0,8,24,http://localhost:8080/?token=497019606&user=-1356144809&config=3,646,0,0
1779290898141,996,Config #2 request,200,OK,Config #2 users 2-7,text,false,"The operation lasted too long: It took 996 milliseconds, but should not have lasted longer than 640 milliseconds.",231,0,8,24,http://localhost:8080/?token=497019606&user=-1356144809&config=2,995,0,0
1779290898146,1008,Config #2 request,200,OK,Config #2 users 2-4,text,false,"The operation lasted too long: It took 1,008 milliseconds, but should not have lasted longer than 640 milliseconds.",231,0,8,24,http://localhost:8080/?token=497019606&user=-1356144809&config=2,1008,0,0
1779290898187,1013,Config #2 request,200,OK,Config #2 users 2-1,text,false,"The operation lasted too long: It took 1,013 milliseconds, but should not have lasted longer than 640 milliseconds.",231,0,8,24,http://localhost:8080/?token=497019606&user=-1356144809&config=2,1013,0,0
1779290898137,1395,Config #1 request,200,OK,Config #1 users 1-7,text,false,"The operation lasted too long: It took 1,395 milliseconds, but should not have lasted longer than 640 milliseconds.",231,0,8,24,http://localhost:8080/?token=497019606&user=-1356144809&config=1,1395,0,0
1779290898141,1409,Config #1 request,200,OK,Config #1 users 1-4,text,false,"The operation lasted too long: It took 1,409 milliseconds, but should not have lasted longer than 640 milliseconds.",231,0,8,24,http://localhost:8080/?token=497019606&user=-1356144809&config=1,1409,0,0
1779290898187,1429,Config #1 request,200,OK,Config #1 users 1-1,text,false,"The operation lasted too long: It took 1,429 milliseconds, but should not have lasted longer than 640 milliseconds.",231,0,8,24,http://localhost:8080/?token=497019606&user=-1356144809&config=1,1429,0,0
1779290899146,593,Config #3 request,200,OK,Config #3 users 3-3,text,true,,231,0,8,24,http://localhost:8080/?token=497019606&user=-1356144809&config=3,593,0,0
1779290899147,629,Config #3 request,200,OK,Config #3 users 3-6,text,true,,231,0,8,24,http://localhost:8080/?token=497019606&user=-1356144809&config=3,629,0,0
1779290899146,992,Config #2 request,200,OK,Config #2 users 2-3,text,false,"The operation lasted too long: It took 992 milliseconds, but should not have lasted longer than 640 milliseconds.",231,0,8,24,http://localhost:8080/?token=497019606&user=-1356144809&config=2,992,0,0
1779290899147,1008,Config #2 request,200,OK,Config #2 users 2-6,text,false,"The operation lasted too long: It took 1,008 milliseconds, but should not have lasted longer than 640 milliseconds.",231,0,8,24,http://localhost:8080/?token=497019606&user=-1356144809&config=2,1008,0,0
1779290899145,1389,Config #1 request,200,OK,Config #1 users 1-3,text,false,"The operation lasted too long: It took 1,389 milliseconds, but should not have lasted longer than 640 milliseconds.",231,0,8,24,http://localhost:8080/?token=497019606&user=-1356144809&config=1,1389,0,0
1779290899145,1407,Config #1 request,200,OK,Config #1 users 1-6,text,false,"The operation lasted too long: It took 1,407 milliseconds, but should not have lasted longer than 640 milliseconds.",231,0,8,24,http://localhost:8080/?token=497019606&user=-1356144809&config=1,1407,0,0
1779290900146,590,Config #3 request,200,OK,Config #3 users 3-2,text,true,,231,0,8,24,http://localhost:8080/?token=497019606&user=-1356144809&config=3,589,0,0
1779290900146,636,Config #3 request,200,OK,Config #3 users 3-5,text,true,,231,0,8,24,http://localhost:8080/?token=497019606&user=-1356144809&config=3,636,0,0
1779290900146,655,Config #3 request,200,OK,Config #3 users 3-8,text,false,"The operation lasted too long: It took 655 milliseconds, but should not have lasted longer than 640 milliseconds.",231,0,8,24,http://localhost:8080/?token=497019606&user=-1356144809&config=3,655,0,0
1779290900145,988,Config #2 request,200,OK,Config #2 users 2-2,text,false,"The operation lasted too long: It took 988 milliseconds, but should not have lasted longer than 640 milliseconds.",231,0,8,24,http://localhost:8080/?token=497019606&user=-1356144809&config=2,988,0,0
1779290900144,1007,Config #2 request,200,OK,Config #2 users 2-5,text,false,"The operation lasted too long: It took 1,007 milliseconds, but should not have lasted longer than 640 milliseconds.",231,0,8,24,http://localhost:8080/?token=497019606&user=-1356144809&config=2,1007,0,0
1779290900149,1055,Config #2 request,200,OK,Config #2 users 2-8,text,false,"The operation lasted too long: It took 1,055 milliseconds, but should not have lasted longer than 640 milliseconds.",231,0,8,24,http://localhost:8080/?token=497019606&user=-1356144809&config=2,1055,0,0
1779290900143,1452,Config #1 request,200,OK,Config #1 users 1-2,text,false,"The operation lasted too long: It took 1,452 milliseconds, but should not have lasted longer than 640 milliseconds.",231,0,8,24,http://localhost:8080/?token=497019606&user=-1356144809&config=1,1452,0,0
1779290900148,1466,Config #1 request,200,OK,Config #1 users 1-5,text,false,"The operation lasted too long: It took 1,466 milliseconds, but should not have lasted longer than 640 milliseconds.",231,0,8,24,http://localhost:8080/?token=497019606&user=-1356144809&config=1,1466,0,0
1779290900144,1470,Config #1 request,200,OK,Config #1 users 1-8,text,false,"The operation lasted too long: It took 1,470 milliseconds, but should not have lasted longer than 640 milliseconds.",231,0,8,24,http://localhost:8080/?token=497019606&user=-1356144809&config=1,1470,0,0
1779290901144,600,Config #3 request,200,OK,Config #3 users 3-7,text,true,,231,0,8,24,http://localhost:8080/?token=497019606&user=-1356144809&config=3,600,0,0
1779290901145,625,Config #3 request,200,OK,Config #3 users 3-4,text,true,,231,0,8,24,http://localhost:8080/?token=497019606&user=-1356144809&config=3,625,0,0
1779290901188,629,Config #3 request,200,OK,Config #3 users 3-1,text,true,,231,0,8,24,http://localhost:8080/?token=497019606&user=-1356144809&config=3,629,0,0
1779290901143,999,Config #2 request,200,OK,Config #2 users 2-7,text,false,"The operation lasted too long: It took 999 milliseconds, but should not have lasted longer than 640 milliseconds.",231,0,8,23,http://localhost:8080/?token=497019606&user=-1356144809&config=2,999,0,0
1779290901145,1015,Config #2 request,200,OK,Config #2 users 2-4,text,false,"The operation lasted too long: It took 1,015 milliseconds, but should not have lasted longer than 640 milliseconds.",231,0,8,23,http://localhost:8080/?token=497019606&user=-1356144809&config=2,1015,0,0
1779290901187,1028,Config #2 request,200,OK,Config #2 users 2-1,text,false,"The operation lasted too long: It took 1,028 milliseconds, but should not have lasted longer than 640 milliseconds.",231,0,8,23,http://localhost:8080/?token=497019606&user=-1356144809&config=2,1028,0,0
1779290901137,1488,Config #1 request,200,OK,Config #1 users 1-7,text,false,"The operation lasted too long: It took 1,488 milliseconds, but should not have lasted longer than 640 milliseconds.",231,0,8,22,http://localhost:8080/?token=497019606&user=-1356144809&config=1,1488,0,0
1779290901143,1502,Config #1 request,200,OK,Config #1 users 1-4,text,false,"The operation lasted too long: It took 1,502 milliseconds, but should not have lasted longer than 640 milliseconds.",231,0,8,22,http://localhost:8080/?token=497019606&user=-1356144809&config=1,1502,0,0
1779290901184,1461,Config #1 request,200,OK,Config #1 users 1-1,text,false,"The operation lasted too long: It took 1,461 milliseconds, but should not have lasted longer than 640 milliseconds.",231,0,8,22,http://localhost:8080/?token=497019606&user=-1356144809&config=1,1461,0,0
1779290902147,594,Config #3 request,200,OK,Config #3 users 3-3,text,true,,231,0,7,21,http://localhost:8080/?token=497019606&user=-1356144809&config=3,594,0,0
1779290902148,631,Config #3 request,200,OK,Config #3 users 3-6,text,true,,231,0,7,21,http://localhost:8080/?token=497019606&user=-1356144809&config=3,631,0,0
1779290902147,991,Config #2 request,200,OK,Config #2 users 2-6,text,false,"The operation lasted too long: It took 991 milliseconds, but should not have lasted longer than 640 milliseconds.",231,0,7,21,http://localhost:8080/?token=497019606&user=-1356144809&config=2,991,0,0
1779290902147,1008,Config #2 request,200,OK,Config #2 users 2-3,text,false,"The operation lasted too long: It took 1,008 milliseconds, but should not have lasted longer than 640 milliseconds.",231,0,7,21,http://localhost:8080/?token=497019606&user=-1356144809&config=2,1008,0,0
1779290902147,1390,Config #1 request,200,OK,Config #1 users 1-6,text,false,"The operation lasted too long: It took 1,390 milliseconds, but should not have lasted longer than 640 milliseconds.",231,0,7,21,http://localhost:8080/?token=497019606&user=-1356144809&config=1,1390,0,0
1779290902145,1392,Config #1 request,200,OK,Config #1 users 1-3,text,false,"The operation lasted too long: It took 1,392 milliseconds, but should not have lasted longer than 640 milliseconds.",231,0,7,21,http://localhost:8080/?token=497019606&user=-1356144809&config=1,1392,0,0
1779290903146,699,Config #3 request,200,OK,Config #3 users 3-2,text,false,"The operation lasted too long: It took 699 milliseconds, but should not have lasted longer than 640 milliseconds.",231,0,7,21,http://localhost:8080/?token=497019606&user=-1356144809&config=3,699,0,0
1779290903146,717,Config #3 request,200,OK,Config #3 users 3-5,text,false,"The operation lasted too long: It took 717 milliseconds, but should not have lasted longer than 640 milliseconds.",231,0,7,21,http://localhost:8080/?token=497019606&user=-1356144809&config=3,717,0,0
1779290903147,716,Config #3 request,200,OK,Config #3 users 3-8,text,false,"The operation lasted too long: It took 716 milliseconds, but should not have lasted longer than 640 milliseconds.",231,0,7,21,http://localhost:8080/?token=497019606&user=-1356144809&config=3,716,0,0
1779290903144,992,Config #2 request,200,OK,Config #2 users 2-5,text,false,"The operation lasted too long: It took 992 milliseconds, but should not have lasted longer than 640 milliseconds.",231,0,7,21,http://localhost:8080/?token=497019606&user=-1356144809&config=2,992,0,0
1779290903146,1006,Config #2 request,200,OK,Config #2 users 2-2,text,false,"The operation lasted too long: It took 1,006 milliseconds, but should not have lasted longer than 640 milliseconds.",231,0,7,21,http://localhost:8080/?token=497019606&user=-1356144809&config=2,1006,0,0
1779290903147,1056,Config #2 request,200,OK,Config #2 users 2-8,text,false,"The operation lasted too long: It took 1,056 milliseconds, but should not have lasted longer than 640 milliseconds.",231,0,7,21,http://localhost:8080/?token=497019606&user=-1356144809&config=2,1056,0,0
1779290903144,1393,Config #1 request,200,OK,Config #1 users 1-2,text,false,"The operation lasted too long: It took 1,393 milliseconds, but should not have lasted longer than 640 milliseconds.",231,0,7,21,http://localhost:8080/?token=497019606&user=-1356144809&config=1,1393,0,0
1779290903146,1410,Config #1 request,200,OK,Config #1 users 1-8,text,false,"The operation lasted too long: It took 1,410 milliseconds, but should not have lasted longer than 640 milliseconds.",231,0,7,21,http://localhost:8080/?token=497019606&user=-1356144809&config=1,1410,0,0
1779290903146,1439,Config #1 request,200,OK,Config #1 users 1-5,text,false,"The operation lasted too long: It took 1,439 milliseconds, but should not have lasted longer than 640 milliseconds.",231,0,7,21,http://localhost:8080/?token=497019606&user=-1356144809&config=1,1439,0,0
1779290904147,594,Config #3 request,200,OK,Config #3 users 3-7,text,true,,231,0,7,21,http://localhost:8080/?token=497019606&user=-1356144809&config=3,594,0,0
1779290904149,630,Config #3 request,200,OK,Config #3 users 3-4,text,true,,231,0,7,21,http://localhost:8080/?token=497019606&user=-1356144809&config=3,630,0,0
1779290904143,996,Config #2 request,200,OK,Config #2 users 2-4,text,false,"The operation lasted too long: It took 996 milliseconds, but should not have lasted longer than 640 milliseconds.",231,0,7,21,http://localhost:8080/?token=497019606&user=-1356144809&config=2,996,0,0
1779290904144,1012,Config #2 request,200,OK,Config #2 users 2-7,text,false,"The operation lasted too long: It took 1,012 milliseconds, but should not have lasted longer than 640 milliseconds.",231,0,7,21,http://localhost:8080/?token=497019606&user=-1356144809&config=2,1012,0,0
1779290904139,1395,Config #1 request,200,OK,Config #1 users 1-7,text,false,"The operation lasted too long: It took 1,395 milliseconds, but should not have lasted longer than 640 milliseconds.",231,0,7,21,http://localhost:8080/?token=497019606&user=-1356144809&config=1,1395,0,0
1779290904144,1408,Config #1 request,200,OK,Config #1 users 1-4,text,false,"The operation lasted too long: It took 1,408 milliseconds, but should not have lasted longer than 640 milliseconds.",231,0,7,21,http://localhost:8080/?token=497019606&user=-1356144809&config=1,1408,0,0
1779290905147,589,Config #3 request,200,OK,Config #3 users 3-6,text,true,,231,0,7,21,http://localhost:8080/?token=497019606&user=-1356144809&config=3,589,0,0
1779290905150,619,Config #3 request,200,OK,Config #3 users 3-3,text,true,,231,0,7,21,http://localhost:8080/?token=497019606&user=-1356144809&config=3,619,0,0
1779290905147,989,Config #2 request,200,OK,Config #2 users 2-6,text,false,"The operation lasted too long: It took 989 milliseconds, but should not have lasted longer than 640 milliseconds.",231,0,7,21,http://localhost:8080/?token=497019606&user=-1356144809&config=2,989,0,0
1779290905147,1005,Config #2 request,200,OK,Config #2 users 2-3,text,false,"The operation lasted too long: It took 1,005 milliseconds, but should not have lasted longer than 640 milliseconds.",231,0,7,21,http://localhost:8080/?token=497019606&user=-1356144809&config=2,1005,0,0
1779290905144,1388,Config #1 request,200,OK,Config #1 users 1-3,text,false,"The operation lasted too long: It took 1,388 milliseconds, but should not have lasted longer than 640 milliseconds.",231,0,7,21,http://localhost:8080/?token=497019606&user=-1356144809&config=1,1388,0,0
1779290905143,1406,Config #1 request,200,OK,Config #1 users 1-6,text,false,"The operation lasted too long: It took 1,406 milliseconds, but should not have lasted longer than 640 milliseconds.",231,0,7,21,http://localhost:8080/?token=497019606&user=-1356144809&config=1,1406,0,0
1779290906141,589,Config #3 request,200,OK,Config #3 users 3-2,text,true,,231,0,7,21,http://localhost:8080/?token=497019606&user=-1356144809&config=3,589,0,0
1779290906145,604,Config #3 request,200,OK,Config #3 users 3-8,text,true,,231,0,6,20,http://localhost:8080/?token=497019606&user=-1356144809&config=3,604,0,0
1779290906148,631,Config #3 request,200,OK,Config #3 users 3-5,text,true,,231,0,6,20,http://localhost:8080/?token=497019606&user=-1356144809&config=3,631,0,0
1779290906148,1045,Config #2 request,200,OK,Config #2 users 2-8,text,false,"The operation lasted too long: It took 1,045 milliseconds, but should not have lasted longer than 640 milliseconds.",231,0,7,20,http://localhost:8080/?token=497019606&user=-1356144809&config=2,1045,0,0
1779290906148,1045,Config #2 request,200,OK,Config #2 users 2-5,text,false,"The operation lasted too long: It took 1,045 milliseconds, but should not have lasted longer than 640 milliseconds.",231,0,7,20,http://localhost:8080/?token=497019606&user=-1356144809&config=2,1045,0,0
1779290906149,1062,Config #2 request,200,OK,Config #2 users 2-2,text,false,"The operation lasted too long: It took 1,062 milliseconds, but should not have lasted longer than 640 milliseconds.",231,0,7,20,http://localhost:8080/?token=497019606&user=-1356144809&config=2,1062,0,0
1779290906142,1390,Config #1 request,200,OK,Config #1 users 1-2,text,false,"The operation lasted too long: It took 1,390 milliseconds, but should not have lasted longer than 640 milliseconds.",231,0,7,19,http://localhost:8080/?token=497019606&user=-1356144809&config=1,1390,0,0
1779290906147,1403,Config #1 request,200,OK,Config #1 users 1-5,text,false,"The operation lasted too long: It took 1,403 milliseconds, but should not have lasted longer than 640 milliseconds.",231,0,6,18,http://localhost:8080/?token=497019606&user=-1356144809&config=1,1403,0,0
1779290906142,1409,Config #1 request,200,OK,Config #1 users 1-8,text,false,"The operation lasted too long: It took 1,409 milliseconds, but should not have lasted longer than 640 milliseconds.",231,0,6,18,http://localhost:8080/?token=497019606&user=-1356144809&config=1,1409,0,0
1779290907146,589,Config #3 request,200,OK,Config #3 users 3-7,text,true,,231,0,6,18,http://localhost:8080/?token=497019606&user=-1356144809&config=3,589,0,0
1779290907146,626,Config #3 request,200,OK,Config #3 users 3-4,text,true,,231,0,6,18,http://localhost:8080/?token=497019606&user=-1356144809&config=3,626,0,0
1779290907146,990,Config #2 request,200,OK,Config #2 users 2-4,text,false,"The operation lasted too long: It took 990 milliseconds, but should not have lasted longer than 640 milliseconds.",231,0,6,18,http://localhost:8080/?token=497019606&user=-1356144809&config=2,990,0,0
1779290907144,1009,Config #2 request,200,OK,Config #2 users 2-7,text,false,"The operation lasted too long: It took 1,009 milliseconds, but should not have lasted longer than 640 milliseconds.",231,0,6,18,http://localhost:8080/?token=497019606&user=-1356144809&config=2,1009,0,0
1779290907138,1392,Config #1 request,200,OK,Config #1 users 1-7,text,false,"The operation lasted too long: It took 1,392 milliseconds, but should not have lasted longer than 640 milliseconds.",231,0,6,18,http://localhost:8080/?token=497019606&user=-1356144809&config=1,1392,0,0
1779290907144,1404,Config #1 request,200,OK,Config #1 users 1-4,text,false,"The operation lasted too long: It took 1,404 milliseconds, but should not have lasted longer than 640 milliseconds.",231,0,6,18,http://localhost:8080/?token=497019606&user=-1356144809&config=1,1404,0,0
1779290908144,589,Config #3 request,200,OK,Config #3 users 3-6,text,true,,231,0,6,18,http://localhost:8080/?token=497019606&user=-1356144809&config=3,589,0,0
1779290908150,619,Config #3 request,200,OK,Config #3 users 3-3,text,true,,231,0,6,18,http://localhost:8080/?token=497019606&user=-1356144809&config=3,619,0,0
1779290908144,988,Config #2 request,200,OK,Config #2 users 2-6,text,false,"The operation lasted too long: It took 988 milliseconds, but should not have lasted longer than 640 milliseconds.",231,0,6,18,http://localhost:8080/?token=497019606&user=-1356144809&config=2,988,0,0
1779290908147,1002,Config #2 request,200,OK,Config #2 users 2-3,text,false,"The operation lasted too long: It took 1,002 milliseconds, but should not have lasted longer than 640 milliseconds.",231,0,6,18,http://localhost:8080/?token=497019606&user=-1356144809&config=2,1002,0,0
1779290908145,1385,Config #1 request,200,OK,Config #1 users 1-6,text,false,"The operation lasted too long: It took 1,385 milliseconds, but should not have lasted longer than 640 milliseconds.",231,0,6,18,http://localhost:8080/?token=497019606&user=-1356144809&config=1,1385,0,0
1779290908145,1402,Config #1 request,200,OK,Config #1 users 1-3,text,false,"The operation lasted too long: It took 1,402 milliseconds, but should not have lasted longer than 640 milliseconds.",231,0,6,18,http://localhost:8080/?token=497019606&user=-1356144809&config=1,1402,0,0
1779290909147,582,Config #3 request,200,OK,Config #3 users 3-5,text,true,,231,0,6,18,http://localhost:8080/?token=497019606&user=-1356144809&config=3,582,0,0
1779290909149,598,Config #3 request,200,OK,Config #3 users 3-8,text,true,,231,0,6,18,http://localhost:8080/?token=497019606&user=-1356144809&config=3,598,0,0
1779290909145,984,Config #2 request,200,OK,Config #2 users 2-8,text,false,"The operation lasted too long: It took 984 milliseconds, but should not have lasted longer than 640 milliseconds.",231,0,6,18,http://localhost:8080/?token=497019606&user=-1356144809&config=2,984,0,0
1779290909149,998,Config #2 request,200,OK,Config #2 users 2-5,text,false,"The operation lasted too long: It took 998 milliseconds, but should not have lasted longer than 640 milliseconds.",231,0,6,18,http://localhost:8080/?token=497019606&user=-1356144809&config=2,998,0,0
1779290909147,1384,Config #1 request,200,OK,Config #1 users 1-8,text,false,"The operation lasted too long: It took 1,384 milliseconds, but should not have lasted longer than 640 milliseconds.",231,0,6,18,http://localhost:8080/?token=497019606&user=-1356144809&config=1,1383,0,0
1779290909148,1401,Config #1 request,200,OK,Config #1 users 1-5,text,false,"The operation lasted too long: It took 1,401 milliseconds, but should not have lasted longer than 640 milliseconds.",231,0,6,18,http://localhost:8080/?token=497019606&user=-1356144809&config=1,1400,0,0
1779290910146,583,Config #3 request,200,OK,Config #3 users 3-7,text,true,,231,0,6,18,http://localhost:8080/?token=497019606&user=-1356144809&config=3,583,0,0
1779290910149,598,Config #3 request,200,OK,Config #3 users 3-4,text,true,,231,0,6,18,http://localhost:8080/?token=497019606&user=-1356144809&config=3,598,0,0
1779290910140,987,Config #2 request,200,OK,Config #2 users 2-7,text,false,"The operation lasted too long: It took 987 milliseconds, but should not have lasted longer than 640 milliseconds.",231,0,6,18,http://localhost:8080/?token=497019606&user=-1356144809&config=2,987,0,0
1779290910141,1004,Config #2 request,200,OK,Config #2 users 2-4,text,false,"The operation lasted too long: It took 1,004 milliseconds, but should not have lasted longer than 640 milliseconds.",231,0,6,18,http://localhost:8080/?token=497019606&user=-1356144809&config=2,1004,0,0
1779290910137,1494,Config #1 request,200,OK,Config #1 users 1-7,text,false,"The operation lasted too long: It took 1,494 milliseconds, but should not have lasted longer than 640 milliseconds.",231,0,6,18,http://localhost:8080/?token=497019606&user=-1356144809&config=1,1494,0,0
1779290910141,1509,Config #1 request,200,OK,Config #1 users 1-4,text,false,"The operation lasted too long: It took 1,509 milliseconds, but should not have lasted longer than 640 milliseconds.",231,0,6,18,http://localhost:8080/?token=497019606&user=-1356144809&config=1,1509,0,0
1779290911144,580,Config #3 request,200,OK,Config #3 users 3-6,text,true,,231,0,6,18,http://localhost:8080/?token=497019606&user=-1356144809&config=3,580,0,0
1779290911149,594,Config #3 request,200,OK,Config #3 users 3-3,text,true,,231,0,6,18,http://localhost:8080/?token=497019606&user=-1356144809&config=3,594,0,0
1779290911143,979,Config #2 request,200,OK,Config #2 users 2-6,text,false,"The operation lasted too long: It took 979 milliseconds, but should not have lasted longer than 640 milliseconds.",231,0,6,17,http://localhost:8080/?token=497019606&user=-1356144809&config=2,979,0,0
1779290911147,993,Config #2 request,200,OK,Config #2 users 2-3,text,false,"The operation lasted too long: It took 993 milliseconds, but should not have lasted longer than 640 milliseconds.",231,0,6,17,http://localhost:8080/?token=497019606&user=-1356144809&config=2,993,0,0
1779290911144,1378,Config #1 request,200,OK,Config #1 users 1-3,text,false,"The operation lasted too long: It took 1,378 milliseconds, but should not have lasted longer than 640 milliseconds.",231,0,6,16,http://localhost:8080/?token=497019606&user=-1356144809&config=1,1378,0,0
1779290911143,1397,Config #1 request,200,OK,Config #1 users 1-6,text,false,"The operation lasted too long: It took 1,397 milliseconds, but should not have lasted longer than 640 milliseconds.",231,0,5,15,http://localhost:8080/?token=497019606&user=-1356144809&config=1,1397,0,0
1779290912145,579,Config #3 request,200,OK,Config #3 users 3-8,text,true,,231,0,5,15,http://localhost:8080/?token=497019606&user=-1356144809&config=3,579,0,0
1779290912147,595,Config #3 request,200,OK,Config #3 users 3-5,text,true,,231,0,5,15,http://localhost:8080/?token=497019606&user=-1356144809&config=3,595,0,0
1779290912145,978,Config #2 request,200,OK,Config #2 users 2-8,text,false,"The operation lasted too long: It took 978 milliseconds, but should not have lasted longer than 640 milliseconds.",231,0,5,15,http://localhost:8080/?token=497019606&user=-1356144809&config=2,978,0,0
1779290912149,1008,Config #2 request,200,OK,Config #2 users 2-5,text,false,"The operation lasted too long: It took 1,008 milliseconds, but should not have lasted longer than 640 milliseconds.",231,0,5,15,http://localhost:8080/?token=497019606&user=-1356144809&config=2,1008,0,0
1779290912142,1378,Config #1 request,200,OK,Config #1 users 1-8,text,false,"The operation lasted too long: It took 1,378 milliseconds, but should not have lasted longer than 640 milliseconds.",231,0,5,15,http://localhost:8080/?token=497019606&user=-1356144809&config=1,1378,0,0
1779290912146,1392,Config #1 request,200,OK,Config #1 users 1-5,text,false,"The operation lasted too long: It took 1,392 milliseconds, but should not have lasted longer than 640 milliseconds.",231,0,5,15,http://localhost:8080/?token=497019606&user=-1356144809&config=1,1392,0,0
1779290913143,582,Config #3 request,200,OK,Config #3 users 3-7,text,true,,231,0,5,15,http://localhost:8080/?token=497019606&user=-1356144809&config=3,582,0,0
1779290913145,609,Config #3 request,200,OK,Config #3 users 3-4,text,true,,231,0,5,15,http://localhost:8080/?token=497019606&user=-1356144809&config=3,609,0,0
1779290913138,982,Config #2 request,200,OK,Config #2 users 2-7,text,false,"The operation lasted too long: It took 982 milliseconds, but should not have lasted longer than 640 milliseconds.",231,0,5,15,http://localhost:8080/?token=497019606&user=-1356144809&config=2,982,0,0
1779290913141,997,Config #2 request,200,OK,Config #2 users 2-4,text,false,"The operation lasted too long: It took 997 milliseconds, but should not have lasted longer than 640 milliseconds.",231,0,5,15,http://localhost:8080/?token=497019606&user=-1356144809&config=2,997,0,0
1779290913136,1464,Config #1 request,200,OK,Config #1 users 1-7,text,false,"The operation lasted too long: It took 1,464 milliseconds, but should not have lasted longer than 640 milliseconds.",231,0,5,15,http://localhost:8080/?token=497019606&user=-1356144809&config=1,1464,0,0
1779290913138,1480,Config #1 request,200,OK,Config #1 users 1-4,text,false,"The operation lasted too long: It took 1,480 milliseconds, but should not have lasted longer than 640 milliseconds.",231,0,5,15,http://localhost:8080/?token=497019606&user=-1356144809&config=1,1480,0,0
1779290914144,573,Config #3 request,200,OK,Config #3 users 3-6,text,true,,231,0,5,15,http://localhost:8080/?token=497019606&user=-1356144809&config=3,573,0,0
1779290914146,972,Config #2 request,200,OK,Config #2 users 2-6,text,false,"The operation lasted too long: It took 972 milliseconds, but should not have lasted longer than 640 milliseconds.",231,0,5,15,http://localhost:8080/?token=497019606&user=-1356144809&config=2,972,0,0
1779290914145,1478,Config #1 request,200,OK,Config #1 users 1-6,text,false,"The operation lasted too long: It took 1,478 milliseconds, but should not have lasted longer than 640 milliseconds.",231,0,5,15,http://localhost:8080/?token=497019606&user=-1356144809&config=1,1478,0,0
1779290915145,571,Config #3 request,200,OK,Config #3 users 3-5,text,true,,231,0,5,15,http://localhost:8080/?token=497019606&user=-1356144809&config=3,571,0,0
1779290915146,587,Config #3 request,200,OK,Config #3 users 3-8,text,true,,231,0,5,15,http://localhost:8080/?token=497019606&user=-1356144809&config=3,587,0,0
1779290915146,971,Config #2 request,200,OK,Config #2 users 2-5,text,false,"The operation lasted too long: It took 971 milliseconds, but should not have lasted longer than 640 milliseconds.",231,0,5,15,http://localhost:8080/?token=497019606&user=-1356144809&config=2,971,0,0
1779290915146,1000,Config #2 request,200,OK,Config #2 users 2-8,text,false,"The operation lasted too long: It took 1,000 milliseconds, but should not have lasted longer than 640 milliseconds.",231,0,5,15,http://localhost:8080/?token=497019606&user=-1356144809&config=2,1000,0,0
1779290915142,1373,Config #1 request,200,OK,Config #1 users 1-8,text,false,"The operation lasted too long: It took 1,373 milliseconds, but should not have lasted longer than 640 milliseconds.",231,0,5,15,http://localhost:8080/?token=497019606&user=-1356144809&config=1,1373,0,0
1779290915146,1387,Config #1 request,200,OK,Config #1 users 1-5,text,false,"The operation lasted too long: It took 1,387 milliseconds, but should not have lasted longer than 640 milliseconds.",231,0,5,15,http://localhost:8080/?token=497019606&user=-1356144809&config=1,1386,0,0
1779290916146,572,Config #3 request,200,OK,Config #3 users 3-4,text,true,,231,0,5,15,http://localhost:8080/?token=497019606&user=-1356144809&config=3,572,0,0
1779290916146,599,Config #3 request,200,OK,Config #3 users 3-7,text,true,,231,0,4,14,http://localhost:8080/?token=497019606&user=-1356144809&config=3,599,0,0
1779290916141,974,Config #2 request,200,OK,Config #2 users 2-7,text,false,"The operation lasted too long: It took 974 milliseconds, but should not have lasted longer than 640 milliseconds.",231,0,5,14,http://localhost:8080/?token=497019606&user=-1356144809&config=2,974,0,0
1779290916145,988,Config #2 request,200,OK,Config #2 users 2-4,text,false,"The operation lasted too long: It took 988 milliseconds, but should not have lasted longer than 640 milliseconds.",231,0,5,14,http://localhost:8080/?token=497019606&user=-1356144809&config=2,988,0,0
1779290916140,1430,Config #1 request,200,OK,Config #1 users 1-7,text,false,"The operation lasted too long: It took 1,430 milliseconds, but should not have lasted longer than 640 milliseconds.",231,0,5,13,http://localhost:8080/?token=497019606&user=-1356144809&config=1,1430,0,0
1779290916140,1448,Config #1 request,200,OK,Config #1 users 1-4,text,false,"The operation lasted too long: It took 1,448 milliseconds, but should not have lasted longer than 640 milliseconds.",231,0,5,13,http://localhost:8080/?token=497019606&user=-1356144809&config=1,1448,0,0
1779290917145,566,Config #3 request,200,OK,Config #3 users 3-6,text,true,,231,0,4,12,http://localhost:8080/?token=497019606&user=-1356144809&config=3,566,0,0
1779290917145,965,Config #2 request,200,OK,Config #2 users 2-6,text,false,"The operation lasted too long: It took 965 milliseconds, but should not have lasted longer than 640 milliseconds.",231,0,4,12,http://localhost:8080/?token=497019606&user=-1356144809&config=2,965,0,0
1779290917147,1447,Config #1 request,200,OK,Config #1 users 1-6,text,false,"The operation lasted too long: It took 1,447 milliseconds, but should not have lasted longer than 640 milliseconds.",231,0,4,12,http://localhost:8080/?token=497019606&user=-1356144809&config=1,1447,0,0
1779290918146,564,Config #3 request,200,OK,Config #3 users 3-5,text,true,,231,0,4,12,http://localhost:8080/?token=497019606&user=-1356144809&config=3,564,0,0
1779290918145,583,Config #3 request,200,OK,Config #3 users 3-8,text,true,,231,0,4,12,http://localhost:8080/?token=497019606&user=-1356144809&config=3,583,0,0
1779290918148,965,Config #2 request,200,OK,Config #2 users 2-5,text,false,"The operation lasted too long: It took 965 milliseconds, but should not have lasted longer than 640 milliseconds.",231,0,4,12,http://localhost:8080/?token=497019606&user=-1356144809&config=2,965,0,0
1779290918150,991,Config #2 request,200,OK,Config #2 users 2-8,text,false,"The operation lasted too long: It took 991 milliseconds, but should not have lasted longer than 640 milliseconds.",231,0,4,12,http://localhost:8080/?token=497019606&user=-1356144809&config=2,991,0,0
1779290918142,1367,Config #1 request,200,OK,Config #1 users 1-8,text,false,"The operation lasted too long: It took 1,367 milliseconds, but should not have lasted longer than 640 milliseconds.",231,0,4,12,http://localhost:8080/?token=497019606&user=-1356144809&config=1,1367,0,0
1779290918145,1383,Config #1 request,200,OK,Config #1 users 1-5,text,false,"The operation lasted too long: It took 1,383 milliseconds, but should not have lasted longer than 640 milliseconds.",231,0,4,12,http://localhost:8080/?token=497019606&user=-1356144809&config=1,1383,0,0
1779290919144,568,Config #3 request,200,OK,Config #3 users 3-7,text,true,,231,0,4,12,http://localhost:8080/?token=497019606&user=-1356144809&config=3,568,0,0
1779290919142,966,Config #2 request,200,OK,Config #2 users 2-7,text,false,"The operation lasted too long: It took 966 milliseconds, but should not have lasted longer than 640 milliseconds.",231,0,4,12,http://localhost:8080/?token=497019606&user=-1356144809&config=2,966,0,0
1779290919138,1367,Config #1 request,200,OK,Config #1 users 1-7,text,false,"The operation lasted too long: It took 1,367 milliseconds, but should not have lasted longer than 640 milliseconds.",231,0,4,12,http://localhost:8080/?token=497019606&user=-1356144809&config=1,1367,0,0
1779290920143,560,Config #3 request,200,OK,Config #3 users 3-6,text,true,,231,0,4,12,http://localhost:8080/?token=497019606&user=-1356144809&config=3,560,0,0
1779290920143,961,Config #2 request,200,OK,Config #2 users 2-6,text,false,"The operation lasted too long: It took 961 milliseconds, but should not have lasted longer than 640 milliseconds.",231,0,4,12,http://localhost:8080/?token=497019606&user=-1356144809&config=2,961,0,0
1779290920147,1386,Config #1 request,200,OK,Config #1 users 1-6,text,false,"The operation lasted too long: It took 1,386 milliseconds, but should not have lasted longer than 640 milliseconds.",231,0,4,12,http://localhost:8080/?token=497019606&user=-1356144809&config=1,1386,0,0
1779290921145,562,Config #3 request,200,OK,Config #3 users 3-5,text,true,,231,0,4,12,http://localhost:8080/?token=497019606&user=-1356144809&config=3,562,0,0
1779290921147,586,Config #3 request,200,OK,Config #3 users 3-8,text,true,,231,0,3,11,http://localhost:8080/?token=497019606&user=-1356144809&config=3,585,0,0
1779290921145,961,Config #2 request,200,OK,Config #2 users 2-5,text,false,"The operation lasted too long: It took 961 milliseconds, but should not have lasted longer than 640 milliseconds.",231,0,4,11,http://localhost:8080/?token=497019606&user=-1356144809&config=2,961,0,0
1779290921146,979,Config #2 request,200,OK,Config #2 users 2-8,text,false,"The operation lasted too long: It took 979 milliseconds, but should not have lasted longer than 640 milliseconds.",231,0,3,10,http://localhost:8080/?token=497019606&user=-1356144809&config=2,979,0,0
1779290921144,1361,Config #1 request,200,OK,Config #1 users 1-8,text,false,"The operation lasted too long: It took 1,361 milliseconds, but should not have lasted longer than 640 milliseconds.",231,0,4,10,http://localhost:8080/?token=497019606&user=-1356144809&config=1,1361,0,0
1779290921146,1377,Config #1 request,200,OK,Config #1 users 1-5,text,false,"The operation lasted too long: It took 1,377 milliseconds, but should not have lasted longer than 640 milliseconds.",231,0,4,10,http://localhost:8080/?token=497019606&user=-1356144809&config=1,1377,0,0
1779290922145,561,Config #3 request,200,OK,Config #3 users 3-7,text,true,,231,0,3,9,http://localhost:8080/?token=497019606&user=-1356144809&config=3,561,0,0
1779290922140,962,Config #2 request,200,OK,Config #2 users 2-7,text,false,"The operation lasted too long: It took 962 milliseconds, but should not have lasted longer than 640 milliseconds.",231,0,3,9,http://localhost:8080/?token=497019606&user=-1356144809&config=2,961,0,0
1779290922140,1361,Config #1 request,200,OK,Config #1 users 1-7,text,false,"The operation lasted too long: It took 1,361 milliseconds, but should not have lasted longer than 640 milliseconds.",231,0,3,9,http://localhost:8080/?token=497019606&user=-1356144809&config=1,1361,0,0
1779290923146,556,Config #3 request,200,OK,Config #3 users 3-6,text,true,,231,0,3,9,http://localhost:8080/?token=497019606&user=-1356144809&config=3,556,0,0
1779290923147,954,Config #2 request,200,OK,Config #2 users 2-6,text,false,"The operation lasted too long: It took 954 milliseconds, but should not have lasted longer than 640 milliseconds.",231,0,3,9,http://localhost:8080/?token=497019606&user=-1356144809&config=2,954,0,0
1779290923146,1388,Config #1 request,200,OK,Config #1 users 1-6,text,false,"The operation lasted too long: It took 1,388 milliseconds, but should not have lasted longer than 640 milliseconds.",231,0,3,9,http://localhost:8080/?token=497019606&user=-1356144809&config=1,1388,0,0
1779290924148,557,Config #3 request,200,OK,Config #3 users 3-8,text,true,,231,0,3,9,http://localhost:8080/?token=497019606&user=-1356144809&config=3,557,0,0
1779290924147,956,Config #2 request,200,OK,Config #2 users 2-8,text,false,"The operation lasted too long: It took 956 milliseconds, but should not have lasted longer than 640 milliseconds.",231,0,3,9,http://localhost:8080/?token=497019606&user=-1356144809&config=2,956,0,0
1779290924143,1356,Config #1 request,200,OK,Config #1 users 1-8,text,false,"The operation lasted too long: It took 1,356 milliseconds, but should not have lasted longer than 640 milliseconds.",231,0,3,9,http://localhost:8080/?token=497019606&user=-1356144809&config=1,1356,0,0
1779290925142,554,Config #3 request,200,OK,Config #3 users 3-7,text,true,,231,0,3,9,http://localhost:8080/?token=497019606&user=-1356144809&config=3,554,0,0
1779290925144,955,Config #2 request,200,OK,Config #2 users 2-7,text,false,"The operation lasted too long: It took 955 milliseconds, but should not have lasted longer than 640 milliseconds.",231,0,3,9,http://localhost:8080/?token=497019606&user=-1356144809&config=2,955,0,0
1779290925137,1355,Config #1 request,200,OK,Config #1 users 1-7,text,false,"The operation lasted too long: It took 1,355 milliseconds, but should not have lasted longer than 640 milliseconds.",231,0,3,9,http://localhost:8080/?token=497019606&user=-1356144809&config=1,1355,0,0
1779290926147,546,Config #3 request,200,OK,Config #3 users 3-6,text,true,,231,0,3,9,http://localhost:8080/?token=497019606&user=-1356144809&config=3,546,0,0
1779290926144,950,Config #2 request,200,OK,Config #2 users 2-6,text,false,"The operation lasted too long: It took 950 milliseconds, but should not have lasted longer than 640 milliseconds.",231,0,3,8,http://localhost:8080/?token=497019606&user=-1356144809&config=2,950,0,0
1779290926144,1351,Config #1 request,200,OK,Config #1 users 1-6,text,false,"The operation lasted too long: It took 1,351 milliseconds, but should not have lasted longer than 640 milliseconds.",231,0,3,7,http://localhost:8080/?token=497019606&user=-1356144809&config=1,1351,0,0
1779290927149,548,Config #3 request,200,OK,Config #3 users 3-8,text,true,,231,0,2,6,http://localhost:8080/?token=497019606&user=-1356144809&config=3,548,0,0
1779290927145,948,Config #2 request,200,OK,Config #2 users 2-8,text,false,"The operation lasted too long: It took 948 milliseconds, but should not have lasted longer than 640 milliseconds.",231,0,2,6,http://localhost:8080/?token=497019606&user=-1356144809&config=2,948,0,0
1779290927143,1357,Config #1 request,200,OK,Config #1 users 1-8,text,false,"The operation lasted too long: It took 1,357 milliseconds, but should not have lasted longer than 640 milliseconds.",231,0,2,6,http://localhost:8080/?token=497019606&user=-1356144809&config=1,1357,0,0
1779290928144,548,Config #3 request,200,OK,Config #3 users 3-7,text,true,,231,0,2,6,http://localhost:8080/?token=497019606&user=-1356144809&config=3,548,0,0
1779290928142,949,Config #2 request,200,OK,Config #2 users 2-7,text,false,"The operation lasted too long: It took 949 milliseconds, but should not have lasted longer than 640 milliseconds.",231,0,2,6,http://localhost:8080/?token=497019606&user=-1356144809&config=2,949,0,0
1779290928139,1357,Config #1 request,200,OK,Config #1 users 1-7,text,false,"The operation lasted too long: It took 1,357 milliseconds, but should not have lasted longer than 640 milliseconds.",231,0,2,6,http://localhost:8080/?token=497019606&user=-1356144809&config=1,1357,0,0
1779290930147,543,Config #3 request,200,OK,Config #3 users 3-8,text,true,,231,0,2,6,http://localhost:8080/?token=497019606&user=-1356144809&config=3,543,0,0
1779290930145,942,Config #2 request,200,OK,Config #2 users 2-8,text,false,"The operation lasted too long: It took 942 milliseconds, but should not have lasted longer than 640 milliseconds.",231,0,2,6,http://localhost:8080/?token=497019606&user=-1356144809&config=2,942,0,0
1779290930147,1391,Config #1 request,200,OK,Config #1 users 1-8,text,false,"The operation lasted too long: It took 1,391 milliseconds, but should not have lasted longer than 640 milliseconds.",231,0,2,6,http://localhost:8080/?token=497019606&user=-1356144809&config=1,1391,0,0
1779290931148,540,Config #3 request,200,OK,Config #3 users 3-7,text,true,,231,0,2,6,http://localhost:8080/?token=497019606&user=-1356144809&config=3,540,0,0
1779290931140,944,Config #2 request,200,OK,Config #2 users 2-7,text,false,"The operation lasted too long: It took 944 milliseconds, but should not have lasted longer than 640 milliseconds.",231,0,2,5,http://localhost:8080/?token=497019606&user=-1356144809&config=2,944,0,0
1779290931138,1367,Config #1 request,200,OK,Config #1 users 1-7,text,false,"The operation lasted too long: It took 1,367 milliseconds, but should not have lasted longer than 640 milliseconds.",231,0,2,4,http://localhost:8080/?token=497019606&user=-1356144809&config=1,1367,0,0
1779290933146,540,Config #3 request,200,OK,Config #3 users 3-8,text,true,,231,0,1,3,http://localhost:8080/?token=497019606&user=-1356144809&config=3,540,0,0
1779290933149,939,Config #2 request,200,OK,Config #2 users 2-8,text,false,"The operation lasted too long: It took 939 milliseconds, but should not have lasted longer than 640 milliseconds.",231,0,1,3,http://localhost:8080/?token=497019606&user=-1356144809&config=2,939,0,0
1779290933146,1423,Config #1 request,200,OK,Config #1 users 1-8,text,false,"The operation lasted too long: It took 1,423 milliseconds, but should not have lasted longer than 640 milliseconds.",231,0,1,3,http://localhost:8080/?token=497019606&user=-1356144809&config=1,1423,0,0
1779290936147,534,Config #3 request,200,OK,Config #3 users 3-8,text,true,,231,0,1,3,http://localhost:8080/?token=497019606&user=-1356144809&config=3,534,0,0
1779290936146,935,Config #2 request,200,OK,Config #2 users 2-8,text,false,"The operation lasted too long: It took 935 milliseconds, but should not have lasted longer than 640 milliseconds.",231,0,1,2,http://localhost:8080/?token=497019606&user=-1356144809&config=2,935,0,0
1779290936145,1335,Config #1 request,200,OK,Config #1 users 1-8,text,false,"The operation lasted too long: It took 1,335 milliseconds, but should not have lasted longer than 640 milliseconds.",231,0,1,1,http://localhost:8080/?token=497019606&user=-1356144809&config=1,1335,0,0
